OBJECTID,FNODE_,TNODE_,LPOLY_,RPOLY_,LENGTH,CITYST_,CITYST_ID,FNODE_1,TNODE_1,LPOLY_1,RPOLY_1,CITYST2_,CITYST2_ID,LTYPE,GDT_ID2,GDT_,RECNUM,L_F_ADD,L_T_ADD,R_F_ADD,R_T_ADD,PREFIX,NAME,TYPE,SUFFIX,CFCC,TRACT90_L,TRACT90_R,BLOCK90_L,BLOCK90_R,L_F_IADD,L_T_IADD,R_F_IADD,R_T_IADD,FIPMCD90_L,FIPMCD90_R,FIPPLC90_L,FIPPLC90_R,FULLNAME,PAVE2,ST_FLAG,LINECODE,BLKSTREET,BG_L,BG_R,CTBNABG_L,CTBNABG_R,CITYST_I_1,BLK,Department,ProjectYear,ProjectType,Status,GlobalID,CreationDate,Creator,EditDate,Editor,StartDate,EndDate
448,332,299,136,160,297.146,448,801,332,299,0,0,801,11673,1,12580545,18844,12580545,1701,1799,1700,1798, ,TEALL,AVE, ,A40,0009,0009,406,104,0,0,0,0,73000,73000,73000,73000,TEALL AV,0,1,15, 1700 TEALL AV,4,1,00094,00091,801,1700,StreetRepair,2021,Road Recon: Teall from James to Grant,Planned,1adb35f1-d4b6-4ee1-aa60-ebabbec61c12,2020/03/05 04:00:16.555+00,samedelstein,2021/04/02 14:05:34.844+00,jbailey_syr,,
464,343,332,180,160,80.2584,464,478,343,332,0,0,478,11740,1,12580539,18850,12580539,1699,1699,1698,1698, ,TEALL,AVE, ,A40,0009,0009,405,104,0,0,0,0,73000,73000,73000,73000,TEALL AV,0,1,15, 1600 TEALL AV,4,1,00094,00091,478,1600,StreetRepair,2021,Road Recon: Teall from James to Grant,Planned,cb676067-1fb9-40b6-8e85-c670f3238aff,2020/03/05 04:00:16.555+00,samedelstein,2021/04/02 14:05:46.346+00,jbailey_syr,,
549,394,343,180,188,332.915,549,800,394,343,0,0,800,11888,1,12580537,18882,12580537,1601,1697,1600,1696, ,TEALL,AVE, ,A40,0009,0009,405,105,0,0,0,0,73000,73000,73000,73000,TEALL AV,0,1,15, 1600 TEALL AV,4,1,00094,00091,800,1600,StreetRepair,2021,Road Recon: Teall from James to Grant,Planned,de10600f-fe56-4c6a-8d91-c56f224d7a04,2020/03/05 04:00:16.555+00,samedelstein,2021/04/02 14:06:03.520+00,jbailey_syr,,
556,398,389,217,174,173.333,556,1554,398,389,0,0,1554,11866,1,12575231,18782,12575231,1801,1899,1800,1898,N,SALINA,ST, ,A40,0005,0002,213,513,0,0,0,0,73000,73000,73000,73000,N SALINA ST,0,1,15, 1800 N SALINA ST,2,5,00052,00025,1554,1800,StreetRepair,2021,Road Recon: N Salina from Hiawatha to Court,Planned,da3dece2-08fc-4572-958a-fcf860f1b748,2020/03/05 04:00:16.555+00,samedelstein,2021/04/02 14:12:37.545+00,jbailey_syr,,
584,416,398,217,183,346.12,584,1555,416,398,0,0,1555,11940,1,12575234,18087,12575234,1701,1799,1700,1798,N,SALINA,ST, ,A40,0005,0002,213,512,0,0,0,0,73000,73000,73000,73000,N SALINA ST,0,1,15, 1700 N SALINA ST,2,5,00052,00025,1555,1700,StreetRepair,2021,Road Recon: N Salina from Hiawatha to Court,Planned,15d0b6a8-85b1-43f3-9d4e-25a483fbc7dd,2020/03/05 04:00:16.555+00,samedelstein,2021/04/02 14:12:28.434+00,jbailey_syr,,
607,431,394,180,219,294.33,607,799,431,394,0,0,799,12000,1,12580536,18897,12580536,1501,1599,1500,1598, ,TEALL,AVE, ,A40,0009,0009,405,107,0,0,0,0,73000,73000,73000,73000,TEALL AV,0,1,15, 1500 TEALL AV,4,1,00094,00091,799,1500,StreetRepair,2021,Road Recon: Teall from James to Grant,Planned,5a7471d0-e12c-45e0-a6a6-a389e5f97fe0,2020/03/05 04:00:16.555+00,samedelstein,2021/04/02 14:06:12.762+00,jbailey_syr,,
645,452,431,240,219,116.332,645,797,452,431,0,0,797,12059,1,12580517,18912,12580517,1499,1499,1498,1498, ,TEALL,AVE, ,A40,0009,0009,404,107,0,0,0,0,73000,73000,73000,73000,TEALL AV,0,1,15, 1400 TEALL AV,4,1,00094,00091,797,1400,StreetRepair,2021,Road Recon: Teall from James to Grant,Planned,ee3d88f2-3283-437c-abc3-ac07abdfcf93,2020/03/05 04:00:16.555+00,samedelstein,2021/04/02 14:06:29.243+00,jbailey_syr,,
648,454,416,231,199,478.18,648,1543,454,416,0,0,1543,12041,1,12575200,18089,12575200,1601,1699,1600,1698,N,SALINA,ST, ,A40,0005,0002,212,511,0,0,0,0,73000,73000,73000,73000,N SALINA ST,0,1,15, 1600 N SALINA ST,2,5,00052,00025,1543,1600,StreetRepair,2021,Road Recon: N Salina from Hiawatha to Court,Planned,d38edf24-27e8-42b7-8e71-0a00e2643321,2020/03/05 04:00:16.555+00,samedelstein,2021/04/02 14:12:19.834+00,jbailey_syr,,
705,490,454,257,226,478.464,705,1542,490,454,0,0,1542,12165,1,12575221,18091,12575221,1501,1599,1500,1598,N,SALINA,ST, ,A40,0005,0002,211,510,0,0,0,0,73000,73000,73000,73000,N SALINA ST,0,1,15, 1500 N SALINA ST,2,5,00052,00025,1542,1500,StreetRepair,2021,Road Recon: N Salina from Hiawatha to Court,Planned,36adc858-b83f-4f7b-b66f-7b2887a0fc3d,2020/03/05 04:00:16.555+00,samedelstein,2021/04/02 14:12:11.913+00,jbailey_syr,,
745,520,452,240,255,428.785,745,1058,520,452,0,0,1058,12265,1,12580516,18957,12580516,1401,1497,1400,1496, ,TEALL,AVE, ,A40,0009,0009,404,108,0,0,0,0,73000,73000,73000,73000,TEALL AV,0,1,15, 1400 TEALL AV,4,1,00094,00091,1058,1400,StreetRepair,2021,Road Recon: Teall from James to Grant,Planned,45bd6b81-9283-42b7-9e84-e07cbf7bcdc3,2020/03/05 04:00:16.555+00,samedelstein,2021/04/02 14:06:44.560+00,jbailey_syr,,
752,524,490,279,234,459.857,752,1529,524,490,0,0,1529,12260,1,12575222,18094,12575222,1401,1499,1400,1498,N,SALINA,ST, ,A40,0005,0002,210,509,0,0,0,0,73000,73000,73000,73000,N SALINA ST,0,1,15, 1400 N SALINA ST,2,5,00052,00025,1529,1400,StreetRepair,2021,Road Recon: N Salina from Hiawatha to Court,Planned,f5384ac7-7b13-4af8-bc86-9c09f21a3f9d,2020/03/05 04:00:16.555+00,samedelstein,2021/04/02 14:12:03.467+00,jbailey_syr,,
762,532,524,290,282,116.726,762,1522,532,524,0,0,1522,12361,1,12575223,18095,12575223,1319,1399,1320,1398,N,SALINA,ST, ,A40,0005,0002,209,508,0,0,0,0,73000,73000,73000,73000,N SALINA ST,0,1,15, 1300 N SALINA ST,2,5,00052,00025,1522,1300,StreetRepair,2021,Road Recon: N Salina from Hiawatha to Court,Planned,79dea245-b64b-4bc8-bf4a-047fb3ca5caf,2020/03/05 04:00:16.555+00,samedelstein,2021/04/02 14:11:54.595+00,jbailey_syr,,
768,527,538,294,235,440.539,768,1108,527,538,0,0,1108,12295,1,12580453,18956,12580453,701,799,700,798, ,RUGBY,RD, ,A40,0009,0009,302,305,0,0,0,0,73000,73000,73000,73000,RUGBY RD,0,1,15,  700 RUGBY RD,3,3,00093,00093,1108,700,StreetRepair,2021,Road Recon: Rugby from Brattle to Sedgwick,Planned,3cd69d61-a6c6-495d-a06b-c409e1e61c6d,2020/03/05 04:00:16.555+00,samedelstein,2021/04/02 13:13:52.394+00,jbailey_syr,,
779,544,527,293,235,475.274,779,1110,544,527,0,0,1110,12305,1,12580460,18964,12580460,601,699,600,698, ,RUGBY,RD, ,A40,0009,0009,301,305,0,0,0,0,73000,73000,73000,73000,RUGBY RD,0,1,15,  600 RUGBY RD,3,3,00093,00093,1110,600,StreetRepair,2021,Road Recon: Rugby from Brattle to Sedgwick,Planned,0a77f5f9-fe5d-4dfd-b88f-04b457d8bb88,2020/03/05 04:00:16.555+00,samedelstein,2021/04/02 13:13:43.240+00,jbailey_syr,,
794,551,544,303,285,338.48,794,1109,551,544,0,0,1109,12350,1,12580458,18968,12580458,501,599,500,598, ,RUGBY,RD, ,A40,0009,0009,208,306,0,0,0,0,73000,73000,73000,73000,RUGBY RD,0,1,15,  500 RUGBY RD,2,3,00092,00093,1109,500,StreetRepair,2021,Road Recon: Rugby from Brattle to Sedgwick,Planned,562e4640-bd5a-4dbf-a252-06ee02d300b1,2020/03/05 04:00:16.555+00,samedelstein,2021/04/02 13:13:29.321+00,jbailey_syr,,
799,555,532,298,282,368.787,799,1524,555,532,0,0,1524,12361,1,12575272,18098,12575272,1301,1317,1300,1318,N,SALINA,ST, ,A40,0005,0002,208,508,0,0,0,0,73000,73000,73000,73000,N SALINA ST,0,1,15, 1300 N SALINA ST,2,5,00052,00025,1524,1300,StreetRepair,2021,Road Recon: N Salina from Hiawatha to Court,Planned,19f614d2-ac0c-48b1-b247-16c3a336610d,2020/03/05 04:00:16.555+00,samedelstein,2021/04/02 14:11:44.775+00,jbailey_syr,,
841,504,580,251,220,695.221,841,1569,504,580,0,0,1569,12470,1,13006016,23529,12575025,301,399,300,398, ,HIAWATHA,BLVD,W,A40,0001,0001,115,113,0,0,0,0,73000,73000,73000,73000,HIAWATHA BLVD W,0,1,15,  300 HIAWATHA BLVD W,1,1,00011,00011,1569,300,County,2021,Sewer: Hiawatha Blvd near Solar St,Planned,3acecc4d-3f68-41bb-a72e-54c899d3fb9e,2020/03/05 04:00:16.555+00,samedelstein,2021/04/02 01:16:55.405+00,jbailey_syr,2021/04/12 04:00:00+00,2021/04/16 04:00:00+00
854,587,530,283,296,476.437,854,1721,587,530,0,0,1721,12491,1,12575278,18191,12575278,501,599,500,598, ,DANFORTH,ST, ,A40,0006,0006,307,306,0,0,0,0,73000,73000,73000,73000,DANFORTH ST,0,1,15,  500 DANFORTH ST,3,3,00063,00063,1721,500,StreetRepair,2021,Road Recon: Danforth from Sunset to Park,Planned,2db6976f-0bba-499c-a8cb-a07df0c1e74e,2020/03/05 04:00:16.555+00,samedelstein,2021/04/02 14:16:43.432+00,jbailey_syr,,
915,620,587,312,334,268.077,915,1720,620,587,0,0,1720,12616,1,12575276,18109,12575276,401,499,400,498, ,DANFORTH,ST, ,A40,0005,0005,207,104,0,0,0,0,73000,73000,73000,73000,DANFORTH ST,0,1,15,  400 DANFORTH ST,2,1,00052,00051,1720,400,StreetRepair,2021,Road Recon: Danforth from Sunset to Park,Planned,b8913eee-1635-4f72-9123-c584ea586195,2020/03/05 04:00:16.555+00,samedelstein,2021/04/02 14:16:55.499+00,jbailey_syr,,
941,637,620,311,358,215.574,941,1485,637,620,0,0,1485,12697,1,12575275,18113,12575275,351,399,350,398, ,DANFORTH,ST, ,A40,0005,0005,206,105,0,0,0,0,73000,73000,73000,73000,DANFORTH ST,0,1,15,  300 DANFORTH ST,2,1,00052,00051,1485,300,StreetRepair,2021,Road Recon: Danforth from Sunset to Park,Planned,db8d5ba2-8dff-4270-b687-4c2ca61d6407,2020/03/05 04:00:16.555+00,samedelstein,2021/04/02 14:17:06.621+00,jbailey_syr,,
958,650,520,289,288,1068.76,958,1059,650,520,0,0,1059,12772,1,12580512,19028,12580512,1301,1399,1300,1398, ,TEALL,AVE, ,A40,0009,0009,201,109,0,0,0,0,73000,73000,73000,73000,TEALL AV,0,1,15, 1300 TEALL AV,2,1,00092,00091,1059,1300,StreetRepair,2021,Road Recon: Teall from James to Grant,Planned,d540942d-fb9a-4b35-88b4-cee16d924344,2020/03/05 04:00:16.555+00,samedelstein,2021/04/02 14:06:52.355+00,jbailey_syr,,
959,651,637,363,370,168.258,959,1482,651,637,0,0,1482,12768,1,12575152,18115,12575152,301,349,300,348, ,DANFORTH,ST, ,A40,0005,0005,214,106,0,0,0,0,73000,73000,73000,73000,DANFORTH ST,0,1,15,  300 DANFORTH ST,2,1,00052,00051,1482,300,StreetRepair,2021,Road Recon: Danforth from Sunset to Park,Planned,6e0f8e42-72c7-4568-8664-8cb72413a79b,2020/03/05 04:00:16.555+00,samedelstein,2021/04/02 14:17:16.298+00,jbailey_syr,,
971,580,658,329,1,914.808,971,2383,580,658,0,0,2383,12805,1,12575022,17809,12575022,405,499,404,498, ,HIAWATHA,BLVD,W,A40,0001,0001,127,113,0,0,0,0,73000,73000,73000,73000,HIAWATHA BLVD W,0,1,15,  400 HIAWATHA BLVD W,1,1,00011,00011,2383,400,County,2021,Sewer: Hiawatha Blvd near Solar St,Planned,ef19acc5-5c53-4549-af75-3f76c90d74cb,2020/03/05 04:00:16.555+00,samedelstein,2021/04/02 01:16:28.139+00,jbailey_syr,2021/04/12 04:00:00+00,2021/04/16 04:00:00+00
982,664,544,293,303,1083.72,982,1114,664,544,0,0,1114,15081,1,12580456,19029,12580456,101,199,100,198, ,WENDELL,TER, ,A40,0009,0009,301,208,0,0,0,0,73000,73000,73000,73000,WENDELL TER,0,1,15,  100 WENDELL TER,3,2,00093,00092,1114,100,StreetRepair,2021,Road Recon: Wendall from Sedgwick to Rugby,Planned,afe6c906-32d9-4c7f-9dd7-d08caf34833d,2020/03/05 04:00:16.555+00,samedelstein,2021/04/02 13:31:14.741+00,jbailey_syr,,
986,658,666,329,1,99.658,986,2382,658,666,0,0,2382,12848,1,12575010,17665,12575010,501,597,500,596, ,HIAWATHA,BLVD,W,A40,0001,0001,199,199,0,0,0,0,73000,73000,73000,73000,HIAWATHA BLVD W,0,1,15,  500 HIAWATHA BLVD W,1,1,00011,00011,2382,500,Engineering,2020,Construction - Hiawatha Blvd: (Van Rensselaer to Solar),Planned,8e86eda6-7756-4f01-ae69-ff42b0c1e3c9,2020/03/05 04:00:16.555+00,samedelstein,2020/06/01 14:15:42.617+00,,,
993,671,651,352,379,187.973,993,1481,671,651,0,0,1481,12850,1,12575150,18121,12575150,201,299,200,298, ,DANFORTH,ST, ,A40,0005,0005,214,107,0,0,0,0,73000,73000,73000,73000,DANFORTH ST,0,1,15,  200 DANFORTH ST,2,1,00052,00051,1481,200,StreetRepair,2021,Road Recon: Danforth from Sunset to Park,Planned,a892ea08-28ec-4a10-9bbd-cf73541a6a20,2020/03/05 04:00:16.555+00,samedelstein,2021/04/02 14:17:23.376+00,jbailey_syr,,
1111,741,743,433,402,327.4,1111,1270,741,743,0,0,1270,13190,1,12580125,18427,12580125,301,311,300,312, ,PARK,ST, ,A40,0015,0015,105,103,0,0,0,0,73000,73000,73000,73000,PARK ST,0,1,15,  300 PARK ST,1,1,00151,00151,1270,300,StreetRepair,2021,Road Recon: Park from Oak to Butternut,Planned,3241c73c-c669-48a5-8d23-cf03f5efb562,2020/03/05 04:00:16.555+00,samedelstein,2021/04/02 14:10:17.143+00,jbailey_syr,,
1118,743,748,433,406,327.969,1118,1273,743,748,0,0,1273,13207,1,12580121,18429,12580121,313,327,314,326, ,PARK,ST, ,A40,0015,0015,105,104,0,0,0,0,73000,73000,73000,73000,PARK ST,0,1,15,  300 PARK ST,1,1,00151,00151,1273,300,StreetRepair,2021,Road Recon: Park from Oak to Butternut,Planned,fe3ff359-5315-419c-960a-3c9726c6f940,2020/03/05 04:00:16.555+00,samedelstein,2021/04/02 14:10:07.278+00,jbailey_syr,,
1121,748,750,433,233,269.303,1121,1276,748,750,0,0,1276,13217,1,12580120,18431,12580120,329,399,328,398, ,PARK,ST, ,A40,0015,0008,105,305,0,0,0,0,73000,73000,73000,73000,PARK ST,0,1,15,  300 PARK ST,1,3,00151,00083,1276,300,StreetRepair,2021,Road Recon: Park from Oak to Butternut,Planned,1e15a621-e569-4563-839c-ae62479ffb82,2020/03/05 04:00:16.555+00,samedelstein,2021/04/02 14:09:56.177+00,jbailey_syr,,
1126,750,753,433,412,260.605,1126,1274,750,753,0,0,1274,13227,1,12580108,18433,12580108,401,499,400,498, ,PARK,ST, ,A40,0015,0015,105,309,0,0,0,0,73000,73000,73000,73000,PARK ST,0,1,15,  400 PARK ST,1,3,00151,00153,1274,400,StreetRepair,2021,Road Recon: Park from Oak to Butternut,Planned,e18a426d-06a8-40ed-827a-d744a315dd1f,2020/03/05 04:00:16.555+00,samedelstein,2021/04/02 14:09:44.627+00,jbailey_syr,,
1132,753,756,433,416,263.65,1132,1187,753,756,0,0,1187,13233,1,12580107,18434,12580107,501,599,500,598, ,PARK,ST, ,A40,0015,0015,105,308,0,0,0,0,73000,73000,73000,73000,PARK ST,0,1,15,  500 PARK ST,1,3,00151,00153,1187,500,StreetRepair,2021,Road Recon: Park from Oak to Butternut,Planned,57a90fdb-d98c-408b-ae42-27103ac5b516,2020/03/05 04:00:16.555+00,samedelstein,2021/04/02 14:09:32.969+00,jbailey_syr,,
1148,756,766,438,418,688.704,1148,1189,756,766,0,0,1189,13254,1,12580104,18436,12580104,601,699,600,698, ,PARK,ST, ,A40,0015,0015,306,307,0,0,0,0,73000,73000,73000,73000,PARK ST,0,1,15,  600 PARK ST,3,3,00153,00153,1189,600,StreetRepair,2021,Road Recon: Park from Oak to Butternut,Planned,7558140b-62a2-4e4c-bc8e-f4937de5fc5c,2020/03/05 04:00:16.555+00,samedelstein,2021/04/02 14:09:20.406+00,jbailey_syr,,
1455,931,960,547,507,354.815,1455,1430,931,960,0,0,1430,13974,1,12575102,17762,12575102,101,199,100,198,W,DIVISION,ST, ,A40,0001,0001,157,155,0,0,0,0,73000,73000,73000,73000,W DIVISION ST,0,1,15,  100 W DIVISION ST,1,1,00011,00011,1430,100,StreetRepair,2021,Road Recon: W Division from Genant to Clinton,Planned,d06b61a7-22e6-48e3-aabf-aca0a44b571f,2020/03/05 04:00:16.555+00,samedelstein,2021/04/02 14:13:46.205+00,jbailey_syr,,
1778,1175,1152,644,654,1166.73,1778,3255,1176,1152,0,0,3255,14678,1,12579669,23346,12579669,3001,3099,3000,3098, ,ERIE,BLVD,E,A40,003602,003602,102,103,0,0,0,0,73000,73000,73000,73000,ERIE BLVD E,0,1,15, 3000 ERIE BLVD E,1,1,0036021,0036021,3255,3000,State,2021,NYSDOT: Erie Blvd E paving,Planned,9a3d2ca2-06b8-483c-a4a6-c5f94400d415,2020/03/05 04:00:16.555+00,samedelstein,2021/04/23 15:06:19.063+00,jbailey_syr,2021/05/10 04:00:00+00,
1804,1191,1175,644,1,905.139,1804,3254,1192,1176,0,0,3254,14746,1,12579028,19335,12579028,2901,2999,2900,2998, ,ERIE,BLVD,E,A40,003602,003602,102,104,0,0,0,0,73000,73000,73000,73000,ERIE BLVD E,0,1,15, 2900 ERIE BLVD E,1,1,0036021,0036021,3254,2900,State,2021,NYSDOT: Erie Blvd E paving,Planned,fb7e1726-bcb0-4c9b-acce-21a2805e4f68,2020/03/05 04:00:16.555+00,samedelstein,2021/04/23 15:07:18.027+00,jbailey_syr,2021/05/10 04:00:00+00,
1842,1218,1191,668,677,907.898,1842,3252,1219,1192,0,0,3252,14815,1,12579024,19339,12579024,2801,2899,2800,2898, ,ERIE,BLVD,E,A40,003602,003602,106,121,0,0,0,0,73000,73000,73000,73000,ERIE BLVD E,0,1,15, 2800 ERIE BLVD E,1,1,0036021,0036021,3252,2800,State,2021,NYSDOT: Erie Blvd E paving,Planned,082eb262-cfbd-40df-8566-9b7447039c1f,2020/03/05 04:00:16.555+00,samedelstein,2021/04/23 15:07:01.498+00,jbailey_syr,2021/05/10 04:00:00+00,
1873,1237,1218,668,696,690.792,1873,3250,1238,1219,0,0,3250,14866,1,12578988,19340,12578988,2701,2799,2700,2798, ,ERIE,BLVD,E,A40,003602,003602,106,114,0,0,0,0,73000,73000,73000,73000,ERIE BLVD E,0,1,15, 2700 ERIE BLVD E,1,1,0036021,0036021,3250,2700,State,2021,NYSDOT: Erie Blvd E paving,Planned,3385fe48-8860-4610-aea2-070077427d90,2020/03/05 04:00:16.555+00,samedelstein,2021/04/23 15:06:47.581+00,jbailey_syr,2021/05/10 04:00:00+00,
1916,1264,1208,687,632,347.436,1916,1935,1265,1209,0,0,1935,14909,1,12578063,18501,12578063,321,399,314,398, ,CATHERINE,ST, ,A40,0016,0016,302,202,0,0,0,0,73000,73000,73000,73000,CATHERINE ST,0,1,15,  300 CATHERINE ST,3,2,00163,00162,1935,300,StreetRepair,2021,Road Recon: Catherine from Hawley to James,Planned,4f74842d-6a15-4500-b179-3d7d36c5d937,2020/03/05 04:00:16.555+00,samedelstein,2021/04/02 01:33:03.272+00,jbailey_syr,,
1935,1276,1237,697,696,1160.39,1935,3249,1277,1238,0,0,3249,14970,1,12578983,20181,12578983,2601,2699,2600,2698, ,ERIE,BLVD,E,A40,003602,003602,111,114,0,0,0,0,73000,73000,73000,73000,ERIE BLVD E,0,1,15, 2600 ERIE BLVD E,1,1,0036021,0036021,3249,2600,State,2021,NYSDOT: Erie Blvd E paving,Planned,3b49735c-8374-4f46-8869-0426eeed0d1f,2020/03/05 04:00:16.555+00,samedelstein,2021/04/23 15:06:33.019+00,jbailey_syr,2021/05/10 04:00:00+00,
1970,1298,1276,719,696,810.699,1970,3243,1299,1277,0,0,3243,15045,1,12578979,19344,12578979,2501,2599,2500,2598, ,ERIE,BLVD,E,A40,003602,003602,113,114,0,0,0,0,73000,73000,73000,73000,ERIE BLVD E,0,1,15, 2500 ERIE BLVD E,1,1,0036021,0036021,3243,2500,State,2021,NYSDOT: Erie Blvd E paving,Planned,0f32de08-bb02-4632-9852-56190aabe7f9,2020/03/05 04:00:16.555+00,samedelstein,2021/04/23 15:06:03.704+00,jbailey_syr,2021/05/10 04:00:00+00,
2000,1316,1298,734,739,685.295,2000,3237,1317,1299,0,0,3237,15165,1,12578848,23330,12578848,2301,2499,2300,2498, ,ERIE,BLVD,E,A40,003601,003601,103,107,0,0,0,0,73000,73000,73000,73000,ERIE BLVD E,0,1,15, 2300 ERIE BLVD E,1,1,0036011,0036011,3237,2300,State,2021,NYSDOT: Erie Blvd E paving,Planned,00751b21-e4e9-46cf-89a2-7ec4cb8c7940,2020/03/05 04:00:16.555+00,samedelstein,2021/04/23 15:07:45.394+00,jbailey_syr,2021/05/10 04:00:00+00,
2013,1324,1264,687,685,337.613,2013,1940,1325,1265,0,0,1940,15079,1,12578060,18505,12578060,301,319,300,312, ,CATHERINE,ST, ,A40,0016,0016,302,204,0,0,0,0,73000,73000,73000,73000,CATHERINE ST,0,1,15,  300 CATHERINE ST,3,2,00163,00162,1940,300,StreetRepair,2021,Road Recon: Catherine from Hawley to James,Planned,fec1ac6a-1a87-4915-b4fd-9bd633c29132,2020/03/05 04:00:16.555+00,samedelstein,2021/04/02 01:32:51.822+00,jbailey_syr,,
2043,1341,1316,734,739,545.425,2043,3236,1342,1317,0,0,3236,15165,1,12578831,19347,12578831,2201,2299,2200,2298, ,ERIE,BLVD,E,A40,003601,003601,103,107,0,0,0,0,73000,73000,73000,73000,ERIE BLVD E,0,1,15, 2200 ERIE BLVD E,1,1,0036011,0036011,3236,2200,State,2021,NYSDOT: Erie Blvd E paving,Planned,70064311-1e4d-4c8f-bcef-47ede7ae2d6b,2020/03/05 04:00:16.555+00,samedelstein,2021/04/23 15:05:45.386+00,jbailey_syr,2021/05/10 04:00:00+00,
2090,1368,1357,665,775,305.42,2090,939,1369,1358,0,0,939,15262,1,12578270,18570,12578270,821,899,822,898, ,BURNET,AVE, ,A40,001701,001701,208,217,0,0,0,0,73000,73000,73000,73000,BURNET AV,0,1,15,  800 BURNET AV,2,2,0017012,0017012,939,800,StreetRepair,2021,Road Recon: Burnet from Lodi to Beech,Planned,37e752bd-3d7a-465a-a803-acd48e6ec3ea,2020/03/05 04:00:16.555+00,samedelstein,2021/04/02 14:15:29.190+00,jbailey_syr,,
2143,1402,1368,667,775,423.251,2143,940,1403,1369,0,0,940,15355,1,12578269,18572,12578269,801,819,800,820, ,BURNET,AVE, ,A40,001701,001701,207,217,0,0,0,0,73000,73000,73000,73000,BURNET AV,0,1,15,  800 BURNET AV,2,2,0017012,0017012,940,800,StreetRepair,2021,Road Recon: Burnet from Lodi to Beech,Planned,86bd4be3-3bf8-4324-b37f-5d127156df0a,2020/03/05 04:00:16.555+00,samedelstein,2021/04/02 14:15:08.443+00,jbailey_syr,,
2145,1399,1402,671,775,648.835,2145,1955,1400,1403,0,0,1955,15357,1,12578264,23246,12578264,701,799,700,798, ,BURNET,AVE, ,A40,0024,001701,104,217,0,0,0,0,73000,73000,73000,73000,BURNET AV,0,1,15,  700 BURNET AV,1,2,00241,0017012,1955,700,StreetRepair,2021,Road Recon: Burnet from Lodi to Beech,Planned,d2c6553f-d5b7-411a-bbad-6d515379f799,2020/03/05 04:00:16.555+00,samedelstein,2021/04/02 14:14:54.027+00,jbailey_syr,,
2164,1414,1341,755,769,1131.9,2164,3162,1415,1342,0,0,3162,15440,1,12578827,19357,12578827,2101,2199,2100,2198, ,ERIE,BLVD,E,A40,003601,003601,102,106,0,0,0,0,73000,73000,73000,73000,ERIE BLVD E,0,1,15, 2100 ERIE BLVD E,1,1,0036011,0036011,3162,2100,State,2021,NYSDOT: Erie Blvd E paving,Planned,bfd421d8-9b0c-4ae0-b32c-be1b8e9b7a91,2020/03/05 04:00:16.555+00,samedelstein,2021/04/23 15:05:28.475+00,jbailey_syr,2021/05/10 04:00:00+00,
2280,1481,1414,798,811,723.72,2280,3156,1482,1415,0,0,3156,15625,1,12578795,19371,12578795,2001,2099,2000,2098, ,ERIE,BLVD,E,A40,003601,003601,114,105,0,0,0,0,73000,73000,73000,73000,ERIE BLVD E,0,1,15, 2000 ERIE BLVD E,1,1,0036011,0036011,3156,2000,State,2021,NYSDOT: Erie Blvd E paving,Planned,8526f35f-52b8-42df-b826-40e087089f1e,2020/03/05 04:00:16.555+00,samedelstein,2021/04/23 15:05:11.592+00,jbailey_syr,2021/05/10 04:00:00+00,
2325,1509,1481,840,855,296.95,2325,3139,1510,1482,0,0,3139,15902,1,13001919,20161,12578783,1901,1999,1900,1998, ,ERIE,BLVD,E,A40,0035,0035,216,213,0,0,0,0,73000,73000,73000,73000,ERIE BLVD E,0,1,15, 1900 ERIE BLVD E,2,2,00352,00352,3139,1900,State,2021,NYSDOT: Erie Blvd E paving,Planned,b32c74f9-756d-4241-9128-1cf3dc6f9547,2020/03/05 04:00:16.555+00,samedelstein,2021/04/23 15:04:56.689+00,jbailey_syr,2021/05/10 04:00:00+00,
2331,1513,1448,833,834,352.182,2331,1416,1514,1449,0,0,1416,15706,1,12577858,22781,12577858,101,199,100,198, ,OSWEGO,BLVD, ,A41,0031,0032,227,216,0,0,0,0,73000,73000,73000,73000,OSWEGO BLVD,0,1,15,  100 OSWEGO BLVD,2,2,00312,00322,1416,100,StreetRepair,2021,Road Recon: Oswego from Erie to James,Planned,5da6fa1a-99c1-4a3e-963f-07e42c13ad54,2020/03/05 04:00:16.555+00,samedelstein,2021/04/02 14:04:25.181+00,jbailey_syr,,
2408,1513,1560,880,878,147.252,2408,1398,1514,1561,0,0,1398,15783,1,12577841,22527,12577841,101,101,100,100, ,MONTGOMERY,ST, ,A40,0032,0031,225,240,0,0,0,0,73000,73000,73000,73000,MONTGOMERY ST,0,1,15,  100 MONTGOMERY ST,2,2,00322,00312,1398,100,Water,2021,Montgomery from Erie to Madison,Planned,f8b944f9-db6d-4c14-b8ab-0ab4c0256e23,2020/03/05 04:00:16.555+00,samedelstein,2021/04/02 01:10:16.488+00,jbailey_syr,,
2433,1571,1573,889,926,591.793,2433,2006,1572,1574,0,0,2006,15837,1,12578014,19403,12578014,701,799,700,798,E,WATER,ST, ,A40,0033,0033,203,206,0,0,0,0,73000,73000,73000,73000,E WATER ST,0,1,15,  700 E WATER ST,2,2,00332,00332,2006,700,StreetRepair,2021,Road Recon: Water from Beech to Almond,Planned,3982eab3-e11a-443d-b8fe-251ac7a7365c,2020/03/05 04:00:16.555+00,samedelstein,2021/04/02 13:38:54.891+00,jbailey_syr,,
2434,1573,1574,895,928,169.645,2434,2005,1574,1575,0,0,2005,15840,4,13001895,20122,12578033,801,809,800,808,E,WATER,ST, ,A40,0033,0033,202,301,0,0,0,0,73000,73000,73000,73000,E WATER ST,0,1,15,  800 E WATER ST,2,3,00332,00333,2005,800,StreetRepair,2021,Road Recon: Water from Beech to Almond,Planned,c13ec0b8-d685-4c78-be79-1d272f453081,2020/03/05 04:00:16.555+00,samedelstein,2021/04/02 13:39:10.251+00,jbailey_syr,,
2436,1574,1575,908,928,214.631,2436,2004,1575,1576,0,0,2004,15842,1,12578033,20126,12578033,811,899,810,898,E,WATER,ST, ,A40,0033,0033,202,301,0,0,0,0,73000,73000,73000,73000,E WATER ST,0,1,15,  800 E WATER ST,2,3,00332,00333,2004,800,StreetRepair,2021,Road Recon: Water from Beech to Almond,Planned,9c81343e-04a4-486a-b873-641afcb80c59,2020/03/05 04:00:16.555+00,samedelstein,2021/04/02 13:39:23.109+00,jbailey_syr,,
2439,1576,1577,895,928,479.325,2439,2017,1577,1578,0,0,2017,15845,1,12578040,20127,12578040,901,999,900,998,E,WATER,ST, ,A40,0033,0033,202,301,0,0,0,0,73000,73000,73000,73000,E WATER ST,0,1,15,  900 E WATER ST,2,3,00332,00333,2017,900,StreetRepair,2021,Road Recon: Water from Beech to Almond,Planned,d2d9c102-30ff-4859-908c-f9a8ba0e80b7,2020/03/05 04:00:16.555+00,samedelstein,2021/04/02 13:39:36.615+00,jbailey_syr,,
2443,1577,1579,898,929,593.271,2443,2014,1578,1580,0,0,2014,15849,1,12578227,19406,12578227,1001,1099,1000,1098,E,WATER,ST, ,A40,0033,0033,201,209,0,0,0,0,73000,73000,73000,73000,E WATER ST,0,1,15, 1000 E WATER ST,2,2,00332,00332,2014,1000,StreetRepair,2021,Road Recon: Water from Beech to Almond,Planned,3a442f70-dcab-4d7a-8550-39999cf51c0d,2020/03/05 04:00:16.555+00,samedelstein,2021/04/02 13:39:47.279+00,jbailey_syr,,
2445,1579,1580,899,931,593.9,2445,1986,1580,1581,0,0,1986,15854,1,12578234,19408,12578234,1101,1199,1100,1198,E,WATER,ST, ,A40,0034,0034,216,201,0,0,0,0,73000,73000,73000,73000,E WATER ST,0,1,15, 1100 E WATER ST,2,2,00342,00342,1986,1100,StreetRepair,2021,Road Recon: Water from Beech to Almond,Planned,5f86b531-5b2a-445a-b315-6a3dcce9e7b2,2020/03/05 04:00:16.555+00,samedelstein,2021/04/02 13:40:00.443+00,jbailey_syr,,
2447,1580,1581,900,932,614.336,2447,1984,1581,1582,0,0,1984,15871,1,12578250,19413,12578250,1201,1299,1200,1298,E,WATER,ST, ,A40,0034,0034,215,204,0,0,0,0,73000,73000,73000,73000,E WATER ST,0,1,15, 1200 E WATER ST,2,2,00342,00342,1984,1200,StreetRepair,2021,Road Recon: Water from Beech to Almond,Planned,f0f5576d-33b8-4499-9459-30c6a2a8035a,2020/03/05 04:00:16.555+00,samedelstein,2021/04/02 13:40:16.115+00,jbailey_syr,,
2449,1581,1582,903,933,561.541,2449,3083,1582,1583,0,0,3083,15894,1,12578257,19415,12578257,1301,1389,1300,1388,E,WATER,ST, ,A40,0034,0034,214,205,0,0,0,0,73000,73000,73000,73000,E WATER ST,0,1,15, 1300 E WATER ST,2,2,00342,00342,3083,1300,StreetRepair,2021,Road Recon: Water from Beech to Almond,Planned,e92aa82d-1b8f-4608-a4f5-c4c5237237c4,2020/03/05 04:00:16.555+00,samedelstein,2021/04/02 13:40:27.613+00,jbailey_syr,,
2455,1556,1586,779,914,322.815,2455,3108,1557,1586,0,0,3108,15891,1,12578302,20074,12578302,1401,1499,1400,1498, ,ERIE,BLVD,E,A20,0035,0035,205,220,0,0,0,0,73000,73000,73000,73000,ERIE BLVD E,0,1,15, 1400 ERIE BLVD E,2,2,00352,00352,3108,1400,State,2021,NYSDOT: Erie Blvd E paving,Planned,843ac2c9-2a62-4553-ad93-97fb750e9188,2020/03/05 04:00:16.555+00,samedelstein,2021/04/23 15:02:43.019+00,jbailey_syr,2021/05/10 04:00:00+00,
2461,1590,1509,840,855,635.039,2461,3137,1591,1510,0,0,3137,15902,1,12578783,20160,12578783,1801,1899,1800,1898, ,ERIE,BLVD,E,A40,0035,0035,216,213,0,0,0,0,73000,73000,73000,73000,ERIE BLVD E,0,1,15, 1800 ERIE BLVD E,2,2,00352,00352,3137,1800,State,2021,NYSDOT: Erie Blvd E paving,Planned,7162d3c4-86d9-41f2-a9ac-3d7e0573fdd6,2020/03/05 04:00:16.555+00,samedelstein,2021/04/23 15:04:41.123+00,jbailey_syr,2021/05/10 04:00:00+00,
2485,1604,1590,840,940,204.916,2485,3151,1605,1591,0,0,3151,15946,1,12578781,19420,12578781,1731,1799,1730,1798, ,ERIE,BLVD,E,A40,0035,0035,216,204,0,0,0,0,73000,73000,73000,73000,ERIE BLVD E,0,1,15, 1700 ERIE BLVD E,2,2,00352,00352,3151,1700,State,2021,NYSDOT: Erie Blvd E paving,Planned,e33150dc-1e6c-4784-a40d-681eb6cebce6,2020/03/05 04:00:16.555+00,samedelstein,2021/04/23 15:04:20.718+00,jbailey_syr,2021/05/10 04:00:00+00,
2496,1610,1604,930,940,284.688,2496,3150,1611,1605,0,0,3150,15987,1,12578318,19426,12578318,1719,1729,1718,1728, ,ERIE,BLVD,E,A40,0035,0035,215,204,0,0,0,0,73000,73000,73000,73000,ERIE BLVD E,0,1,15, 1700 ERIE BLVD E,2,2,00352,00352,3150,1700,State,2021,NYSDOT: Erie Blvd E paving,Planned,5a17714f-8705-4b44-8fff-c91512212069,2020/03/05 04:00:16.555+00,samedelstein,2021/04/23 15:04:02.581+00,jbailey_syr,2021/05/10 04:00:00+00,
2519,1560,1624,916,915,340.257,2519,1401,1561,1625,0,0,1401,15999,1,12577837,22548,12577837,103,199,102,198, ,MONTGOMERY,ST, ,A40,0032,0031,226,201,0,0,0,0,73000,73000,73000,73000,MONTGOMERY ST,0,1,15,  100 MONTGOMERY ST,2,2,00322,00312,1401,100,Water,2021,Montgomery from Erie to Madison,Planned,bcb6ed2e-afb4-4c00-aa38-d445115dabd5,2020/03/05 04:00:16.555+00,samedelstein,2021/04/02 01:11:47.418+00,jbailey_syr,,
2559,1586,1644,779,934,861.624,2559,3127,1586,1645,0,0,3127,16072,1,12578303,19434,12578303,1501,1599,1500,1598, ,ERIE,BLVD,E,A20,0035,0035,205,219,0,0,0,0,73000,73000,73000,73000,ERIE BLVD E,0,1,15, 1500 ERIE BLVD E,2,2,00352,00352,3127,1500,State,2021,NYSDOT: Erie Blvd E paving,Planned,0bac89b9-df70-499a-abac-5352917d5864,2020/03/05 04:00:16.555+00,samedelstein,2021/04/23 15:03:08.906+00,jbailey_syr,2021/05/10 04:00:00+00,
2560,1645,1610,947,951,443.389,2560,3124,1646,1611,0,0,3124,16077,1,12578315,19449,12578315,1701,1717,1700,1716, ,ERIE,BLVD,E,A40,0035,0035,217,204,0,0,0,0,73000,73000,73000,73000,ERIE BLVD E,0,1,15, 1700 ERIE BLVD E,2,2,00352,00352,3124,1700,State,2021,NYSDOT: Erie Blvd E paving,Planned,ebae19c0-7137-4ce6-81b4-00065fe8b1e9,2020/03/05 04:00:16.555+00,samedelstein,2021/04/23 15:03:46.126+00,jbailey_syr,2021/05/10 04:00:00+00,
2571,1644,1645,955,978,516.079,2571,3123,1645,1646,0,0,3123,16083,1,12578311,19451,12578311,1601,1699,1600,1698, ,ERIE,BLVD,E,A40,0035,0035,218,219,0,0,0,0,73000,73000,73000,73000,ERIE BLVD E,0,1,15, 1600 ERIE BLVD E,2,2,00352,00352,3123,1600,State,2021,NYSDOT: Erie Blvd E paving,Planned,41e89cd7-9543-4763-8df7-e4c248281bc8,2020/03/05 04:00:16.555+00,samedelstein,2021/04/23 15:03:26.390+00,jbailey_syr,2021/05/10 04:00:00+00,
2617,1624,1681,966,962,323.699,2617,2059,1625,1682,0,0,2059,16179,1,12577696,22863,12577696,201,299,200,298, ,MONTGOMERY,ST, ,A40,0032,0031,205,204,0,0,0,0,73000,73000,73000,73000,MONTGOMERY ST,0,1,15,  200 MONTGOMERY ST,2,2,00322,00312,2059,200,Water,2021,Montgomery from Erie to Madison,Planned,ddb32146-7908-46e3-9565-d6370456c270,2020/03/05 04:00:16.555+00,samedelstein,2021/04/02 01:11:54.437+00,jbailey_syr,,
2782,1781,1718,1030,954,794.84,2782,2529,1782,1719,0,0,2529,16457,1,12573413,21960,12573413,1301,1499,1300,1498,W,FAYETTE,ST, ,A40,0029,0029,205,109,0,0,0,0,73000,73000,73000,73000,W FAYETTE ST,0,1,15, 1300 W FAYETTE ST,2,1,00292,00291,2529,1300,StreetRepair,2021,Road Recon: W Fayette from S Geddes to S Wilbur,Planned,2cde7245-1ea1-423b-89d7-f1fe1baeedd4,2020/03/05 04:00:16.555+00,samedelstein,2021/04/02 01:30:42.629+00,jbailey_syr,,
2815,1802,1801,1081,996,362.5,2815,2977,1803,1802,0,0,2977,16502,1,12573739,22587,12573739,101,199,100,198,W,JEFFERSON,ST, ,A40,0031,0031,246,242,0,0,0,0,73000,73000,73000,73000,W JEFFERSON ST,0,1,15,  100 W JEFFERSON ST,2,2,00312,00312,2977,100,Water,2021,Jefferson from S Clinton to Montgomery,Planned,c7f714d8-2c59-4f04-81c5-f387b8769f64,2020/03/05 04:00:16.555+00,samedelstein,2021/04/02 01:13:30.214+00,jbailey_syr,,
2818,1681,1804,1001,999,586.88,2818,2058,1682,1805,0,0,2058,16505,1,12577694,22592,12577694,301,399,300,398, ,MONTGOMERY,ST, ,A40,0032,0031,207,319,0,0,0,0,73000,73000,73000,73000,MONTGOMERY ST,0,1,15,  300 MONTGOMERY ST,2,3,00322,00313,2058,300,Water,2021,Montgomery from Erie to Madison,Planned,3bf8d608-0f57-420f-9108-7038853df4aa,2020/03/05 04:00:16.555+00,samedelstein,2021/04/02 01:11:57.822+00,jbailey_syr,,
2823,1807,1804,999,1083,393.751,2823,2052,1808,1805,0,0,2052,16509,1,12577679,22593,12577679,201,297,200,296,E,JEFFERSON,ST, ,A40,0031,0031,319,318,0,0,0,0,73000,73000,73000,73000,E JEFFERSON ST,0,1,15,  200 E JEFFERSON ST,3,3,00313,00313,2052,200,Water,2021,Jefferson from S Clinton to Montgomery,Planned,e42601d6-4d23-4cc4-a3ab-9c31d0dff537,2020/03/05 04:00:16.555+00,samedelstein,2021/04/02 01:14:03.541+00,jbailey_syr,,
2825,1808,1807,998,1082,184.439,2825,2053,1809,1808,0,0,2053,16511,1,12577677,22591,12577677,131,199,130,198,E,JEFFERSON,ST, ,A40,0031,0031,309,310,0,0,0,0,73000,73000,73000,73000,E JEFFERSON ST,0,1,15,  100 E JEFFERSON ST,3,3,00313,00313,2053,100,Water,2021,Jefferson from S Clinton to Montgomery,Planned,6c38f008-dbff-4f62-8dbc-48987ebba9e6,2020/03/05 04:00:16.555+00,samedelstein,2021/04/02 01:14:17.045+00,jbailey_syr,,
2827,1802,1808,997,1082,200.021,2827,2054,1803,1809,0,0,2054,16504,1,12577676,22589,12577676,101,129,100,128,E,JEFFERSON,ST, ,A40,0031,0031,308,310,0,0,0,0,73000,73000,73000,73000,E JEFFERSON ST,0,1,15,  100 E JEFFERSON ST,3,3,00313,00313,2054,100,Water,2021,Jefferson from S Clinton to Montgomery,Planned,ddaa91e3-dcb2-47a7-9814-e48990ae2e7e,2020/03/05 04:00:16.555+00,samedelstein,2021/04/02 01:13:42.288+00,jbailey_syr,,
2865,1805,1834,1084,1083,148.009,2865,2046,1807,1835,0,0,2046,16597,1,12577685,22598,12577685,401,401,400,400, ,MONTGOMERY,ST, ,A40,0032,0031,301,318,0,0,0,0,73000,73000,73000,73000,MONTGOMERY ST,0,1,15,  400 MONTGOMERY ST,3,3,00323,00313,2046,400,Water,2021,Montgomery from Erie to Madison,Planned,041eb0a2-2525-425a-b31d-8c35f1762fb9,2020/03/05 04:00:16.555+00,samedelstein,2021/04/02 01:12:07.729+00,jbailey_syr,,
2867,1836,1781,1067,810,555.891,2867,2530,1837,1782,0,0,2530,16610,1,12573446,21975,12573446,1201,1299,1200,1298,W,FAYETTE,ST, ,A40,0029,0029,204,106,0,0,0,0,73000,73000,73000,73000,W FAYETTE ST,0,1,15, 1200 W FAYETTE ST,2,1,00292,00291,2530,1200,StreetRepair,2021,Road Recon: W Fayette from S Geddes to S Wilbur,Planned,db663a01-159e-4503-9de0-28d8c1436034,2020/03/05 04:00:16.555+00,samedelstein,2021/04/02 01:30:59.152+00,jbailey_syr,,
2921,1874,1836,1097,810,1243.13,2921,2537,1875,1837,0,0,2537,16738,1,12573448,22464,12573448,1101,1199,1100,1198,W,FAYETTE,ST, ,A40,0029,0029,201,106,0,0,0,0,73000,73000,73000,73000,W FAYETTE ST,0,1,15, 1100 W FAYETTE ST,2,1,00292,00291,2537,1100,StreetRepair,2021,Road Recon: W Fayette from S Geddes to S Wilbur,Planned,bc9ef3ba-2991-4a38-9c4c-fd12e8a41658,2020/03/05 04:00:16.555+00,samedelstein,2021/04/02 01:31:12.024+00,jbailey_syr,,
2959,1834,1901,1084,1095,433.127,2959,2044,1835,1902,0,0,2044,16783,1,12577683,22601,12577683,403,499,402,498, ,MONTGOMERY,ST, ,A40,0032,0031,301,316,0,0,0,0,73000,73000,73000,73000,MONTGOMERY ST,0,1,15,  400 MONTGOMERY ST,3,3,00323,00313,2044,400,Water,2021,Montgomery from Erie to Madison,Planned,b9ecaf88-bc63-421c-ae8a-b817a3200e22,2020/03/05 04:00:16.555+00,samedelstein,2021/04/02 01:12:11.572+00,jbailey_syr,,
2984,1868,1902,1113,1099,723.569,2984,2544,1869,1903,0,0,2544,16832,1,12573399,22002,12573399,101,199,100,198, ,COLERIDGE,AVE, ,A40,0037,0029,901,206,0,0,0,0,73000,73000,73000,73000,COLERIDGE AV,0,1,15,  100 COLERIDGE AV,9,2,00379,00292,2544,100,StreetRepair,2021,Road Recon: Coleridge from Burnet Park to Wilbur,Planned,3c9de277-b411-4897-9de2-a8c113759750,2020/03/05 04:00:16.555+00,samedelstein,2021/04/13 16:30:27.845+00,jbailey_syr,,
3047,1801,1960,1081,992,976.711,3047,2989,1802,1961,0,0,2989,16990,1,12573736,22605,12573736,501,599,500,598,S,CLINTON,ST, ,A40,0031,0031,246,243,0,0,0,0,73000,73000,73000,73000,S CLINTON ST,0,1,15,  500 S CLINTON ST,2,2,00312,00312,2989,500,Other,2021,Transportation: S Clinton St from W Jefferson to Taylor,Planned,049cc856-3d07-4201-b392-8a9ad6ddeb2d,2020/03/05 04:00:16.555+00,samedelstein,2021/04/02 01:04:38.992+00,jbailey_syr,,
3105,1863,1995,1111,1098,741.942,3105,3064,1864,1996,0,0,3064,17121,1,12578186,19664,12578186,401,499,400,498, ,COLUMBUS,AVE, ,A40,0035,0035,304,305,0,0,0,0,73000,73000,73000,73000,COLUMBUS AV,0,1,15,  400 COLUMBUS AV,3,3,00353,00353,3064,400,StreetRepair,2021,Road Recon: Columbus from E Genesee to Dell,Planned,2ba0e53c-c01e-4052-854c-f3dde6c10d1e,2020/03/05 04:00:16.555+00,samedelstein,2021/04/02 13:09:30.919+00,jbailey_syr,,
3138,1960,2017,1081,1157,286.759,3138,2821,1961,2018,0,0,2821,17167,1,12573694,22703,12573694,601,699,600,698,S,CLINTON,ST, ,A40,0031,0031,246,245,0,0,0,0,73000,73000,73000,73000,S CLINTON ST,0,1,15,  600 S CLINTON ST,2,2,00312,00312,2821,600,Other,2021,Transportation: S Clinton St from W Jefferson to Taylor,Planned,86cab2d1-c93d-4c1f-83f7-de550dd837bb,2020/03/05 04:00:16.555+00,samedelstein,2021/04/02 01:05:01.549+00,jbailey_syr,,
3159,1902,2030,1113,1114,1356.14,3159,2551,1903,2031,0,0,2551,17247,1,12573380,22055,12573380,201,299,200,298, ,COLERIDGE,AVE, ,A40,0037,0028,901,109,0,0,0,0,73000,73000,73000,73000,COLERIDGE AV,0,1,15,  200 COLERIDGE AV,9,1,00379,00281,2551,200,StreetRepair,2021,Road Recon: Coleridge from Burnet Park to Wilbur,Planned,9a1bdf6a-a0bb-452f-869c-868bf31382a1,2020/03/05 04:00:16.555+00,samedelstein,2021/04/13 16:30:16.392+00,jbailey_syr,,
3181,2037,2044,1038,1196,340.05,3181,3444,2038,2045,0,0,3444,17352,1,12578908,19697,12578908,3301,3399,3300,3398,E,GENESEE,ST, ,A21,0046,0046,712,315,0,0,0,0,73000,73000,73000,73000,E GENESEE ST,0,1,15, 3300 E GENESEE ST,7,3,00467,00463,3444,3300,StreetRepair,2021,Road Recon: E Genesee St from Hillsboro Pkwy to City Line,Planned,188227cf-5cb0-4315-a17c-e1416f9ee548,2020/03/05 04:00:16.555+00,samedelstein,2021/04/02 13:41:43.548+00,jbailey_syr,,
3183,2044,2046,1200,1196,88.0902,3183,289,2045,2047,0,0,289,17366,1,12578910,19704,12578910,3401,3409,3400,3408,E,GENESEE,ST, ,A21,0046,0046,313,315,0,0,0,0,73000,73000,73000,73000,E GENESEE ST,0,1,15, 3400 E GENESEE ST,3,3,00463,00463,289,3400,StreetRepair,2021,Road Recon: E Genesee St from Hillsboro Pkwy to City Line,Planned,b0fed1b7-db5d-4b9f-be22-6aae721921f4,2020/03/05 04:00:16.555+00,samedelstein,2021/04/02 13:41:57.487+00,jbailey_syr,,
3212,1969,2067,1164,1163,577.252,3212,2997,1970,2068,0,0,2997,17429,1,12577656,22618,12577656,601,699,600,698, ,MONTGOMERY,ST, ,A40,0032,0031,310,314,0,0,0,0,73000,73000,73000,73000,MONTGOMERY ST,0,1,15,  600 MONTGOMERY ST,3,3,00323,00313,2997,600,Water,2021,Montgomery from Harrison to Adams,Planned,7586ff4b-cec4-49b5-9440-b116aef0f6b2,2020/03/05 04:00:16.555+00,samedelstein,2021/04/02 01:12:51.127+00,jbailey_syr,,
3243,2046,2082,1200,1203,408.889,3243,3384,2047,2083,0,0,3384,17456,1,12578912,19711,12578912,3411,3499,3410,3498,E,GENESEE,ST, ,A21,0046,0046,313,314,0,0,0,0,73000,73000,73000,73000,E GENESEE ST,0,1,15, 3400 E GENESEE ST,3,3,00463,00463,3384,3400,StreetRepair,2021,Road Recon: E Genesee St from Hillsboro Pkwy to City Line,Planned,fb4f704a-c44f-4dcc-a206-9353001125ad,2020/03/05 04:00:16.555+00,samedelstein,2021/04/02 13:42:07.030+00,jbailey_syr,,
3258,2017,2092,1158,1188,427.588,3258,2833,2018,2093,0,0,2833,17494,1,12573695,22702,12573695,701,799,700,798,S,CLINTON,ST, ,A40,0031,0031,247,248,0,0,0,0,73000,73000,73000,73000,S CLINTON ST,0,1,15,  700 S CLINTON ST,2,2,00312,00312,2833,700,Other,2021,Transportation: S Clinton St from W Jefferson to Taylor,Planned,3c68162f-cadf-4df2-aaca-0cf8ee8981b5,2020/03/05 04:00:16.555+00,samedelstein,2021/04/02 01:05:33.253+00,jbailey_syr,,
3267,2082,2097,1201,1227,355.635,3267,3385,2083,2098,0,0,3385,17518,1,12578917,19719,12578917,3501,3527,3500,3526,E,GENESEE,ST, ,A21,0046,0046,312,311,0,0,0,0,73000,73000,73000,73000,E GENESEE ST,0,1,15, 3500 E GENESEE ST,3,3,00463,00463,3385,3500,StreetRepair,2021,Road Recon: E Genesee St from Hillsboro Pkwy to City Line,Planned,04f3387c-a67a-4873-9560-0fb52b6fb6de,2020/03/05 04:00:16.555+00,samedelstein,2021/04/02 13:42:20.635+00,jbailey_syr,,
3290,1995,2113,1177,1179,769.556,3290,3054,1996,2114,0,0,3054,17580,1,12578179,19722,12578179,501,599,500,598, ,COLUMBUS,AVE, ,A40,0035,0035,404,403,0,0,0,0,73000,73000,73000,73000,COLUMBUS AV,0,1,15,  500 COLUMBUS AV,4,4,00354,00354,3054,500,StreetRepair,2021,Road Recon: Columbus from E Genesee to Dell,Planned,aa10a516-5740-4c44-b7bd-c0c1c70cc969,2020/03/05 04:00:16.555+00,samedelstein,2021/04/02 13:09:46.031+00,jbailey_syr,,
3325,2097,2139,1211,1227,887.998,3325,3389,2098,2140,0,0,3389,17653,1,12578924,19755,12578924,3529,3599,3528,3598,E,GENESEE,ST, ,A21,0046,0046,206,311,0,0,0,0,73000,73000,73000,73000,E GENESEE ST,0,1,15, 3500 E GENESEE ST,2,3,00462,00463,3389,3500,StreetRepair,2021,Road Recon: E Genesee St from Hillsboro Pkwy to City Line,Planned,e5a94db4-37d0-497d-8c75-8ad393b17c1a,2020/03/05 04:00:16.555+00,samedelstein,2021/04/02 13:42:31.342+00,jbailey_syr,,
3371,2139,2170,1211,1252,239.069,3371,3390,2140,2171,0,0,3390,17727,1,12579557,20194,12579557,3601,3649,3600,3648,E,GENESEE,ST, ,A21,0046,0046,206,304,0,0,0,0,73000,73000,73000,73000,E GENESEE ST,0,1,15, 3600 E GENESEE ST,2,3,00462,00463,3390,3600,StreetRepair,2021,Road Recon: E Genesee St from Hillsboro Pkwy to City Line,Planned,b9c69f60-290e-4dff-b4db-05c63314ff9c,2020/03/05 04:00:16.555+00,samedelstein,2021/04/02 13:42:42.585+00,jbailey_syr,,
3380,2170,2174,1251,1265,145.518,3380,3392,2171,2175,0,0,3392,17764,1,12579559,23580,12579559,3651,3689,3650,3688,E,GENESEE,ST, ,A21,0046,0046,206,303,0,0,0,0,73000,73000,73000,73000,E GENESEE ST,0,1,15, 3600 E GENESEE ST,2,3,00462,00463,3392,3600,StreetRepair,2021,Road Recon: E Genesee St from Hillsboro Pkwy to City Line,Planned,e414a7f3-5b98-49d2-8ad7-20a0c1e2f4bf,2020/03/05 04:00:16.555+00,samedelstein,2021/04/02 13:42:53.587+00,jbailey_syr,,
3391,2174,2181,1240,1265,187.791,3391,3400,2175,2182,0,0,3400,17797,1,12579371,19764,12579371,3691,3699,3690,3698,E,GENESEE,ST, ,A21,0046,0046,207,303,0,0,0,0,73000,73000,73000,73000,E GENESEE ST,0,1,15, 3600 E GENESEE ST,2,3,00462,00463,3400,3600,StreetRepair,2021,Road Recon: E Genesee St from Hillsboro Pkwy to City Line,Planned,b3827258-5650-4692-a8e8-fc6379a95983,2020/03/05 04:00:16.555+00,samedelstein,2021/04/02 13:43:05.794+00,jbailey_syr,,
3422,2181,2203,1240,1271,449.134,3422,3406,2182,2204,0,0,3406,17923,1,12579373,19785,12579373,3701,3799,3700,3798,E,GENESEE,ST, ,A21,0046,0046,207,301,0,0,0,0,73000,73000,73000,73000,E GENESEE ST,0,1,15, 3700 E GENESEE ST,2,3,00462,00463,3406,3700,StreetRepair,2021,Road Recon: E Genesee St from Hillsboro Pkwy to City Line,Planned,db8f261a-ab50-4549-b054-ad1e058fb23a,2020/03/05 04:00:16.555+00,samedelstein,2021/04/02 13:43:15.837+00,jbailey_syr,,
3450,2092,2222,1209,1232,790.164,3450,2835,2093,2223,0,0,2835,17933,1,12573675,22640,12573675,801,899,800,898,S,CLINTON,ST, ,A40,0041,0041,103,104,0,0,0,0,73000,73000,73000,73000,S CLINTON ST,0,1,15,  800 S CLINTON ST,1,1,00411,00411,2835,800,Other,2021,Transportation: S Clinton St from W Jefferson to Taylor,Planned,05ec4c58-4974-4b20-9cef-b23318ad22b5,2020/03/05 04:00:16.555+00,samedelstein,2021/04/02 01:05:48.734+00,jbailey_syr,,
3472,2222,2236,1279,1291,99.1402,3472,2842,2223,2237,0,0,2842,18016,1,13002505,22831,12577372,901,905,900,904,S,CLINTON,ST, ,A40,0041,0041,110,111,0,0,0,0,73000,73000,73000,73000,S CLINTON ST,0,1,15,  900 S CLINTON ST,1,1,00411,00411,2842,900,Other,2021,Transportation: S Clinton St from W Jefferson to Taylor,Planned,575e173b-22fb-40d2-95ee-b8188edb069f,2020/03/05 04:00:16.555+00,samedelstein,2021/04/02 01:06:21.995+00,jbailey_syr,,
3520,2207,2270,1283,1218,406.344,3520,3668,2208,2271,0,0,3668,18123,1,13001962,23023,12577750,751,799,750,798, ,IRVING,AVE, ,A40,0043,0043,312,302,0,0,0,0,73000,73000,73000,73000,IRVING AV,0,1,15,  700 IRVING AV,3,3,00433,00433,3668,700,StreetRepair,2021,Road Recon: Irving from Waverly to Raynor,Planned,7c94d16f-3dcb-48ad-8df0-d01822cc4158,2020/03/05 04:00:16.555+00,samedelstein,2021/04/02 13:11:38.778+00,jbailey_syr,,
3534,2203,2279,1,1271,702.836,3534,3408,2204,2280,0,0,3408,18157,1,12579379,19817,12579379,3801,3899,3800,3898,E,GENESEE,ST, ,A21,0046,0046,208,301,0,0,0,0,73000,73000,73000,73000,E GENESEE ST,0,1,15, 3800 E GENESEE ST,2,3,00462,00463,3408,3800,StreetRepair,2021,Road Recon: E Genesee St from Hillsboro Pkwy to City Line,Planned,480a99e9-452d-4f3c-b836-8bb60c492049,2020/03/05 04:00:16.555+00,samedelstein,2021/04/02 13:43:26.246+00,jbailey_syr,,
3585,2236,2308,1279,1291,444.357,3585,2843,2237,2309,0,0,2843,18241,1,12577372,22830,12577372,907,999,906,998,S,CLINTON,ST, ,A40,0041,0041,110,111,0,0,0,0,73000,73000,73000,73000,S CLINTON ST,0,1,15,  900 S CLINTON ST,1,1,00411,00411,2843,900,Other,2021,Transportation: S Clinton St from W Jefferson to Taylor,Planned,af3c5478-288f-4dda-a5b2-42d891c69a72,2020/03/05 04:00:16.555+00,samedelstein,2021/04/02 01:06:07.612+00,jbailey_syr,,
3611,2279,2325,1,1271,537.145,3611,3411,2280,2326,0,0,3411,18428,1,12579378,23355,12579378,3901,3949,3900,3948,E,GENESEE,ST, ,A21,0046,0046,209,301,0,0,0,0,73000,73000,73000,73000,E GENESEE ST,0,1,15, 3900 E GENESEE ST,2,3,00462,00463,3411,3900,StreetRepair,2021,Road Recon: E Genesee St from Hillsboro Pkwy to City Line,Planned,6bb5dfc8-9e7d-4f1a-8ba1-bb185f3dbe17,2020/03/05 04:00:16.555+00,samedelstein,2021/04/02 13:43:37.684+00,jbailey_syr,,
3653,2325,2352,1,1271,198.476,3653,3410,2326,2353,0,0,3410,18428,1,13001973,20263,12579378,3951,3999,3950,3998,E,GENESEE,ST, ,A21,0046,0046,209,301,0,0,0,0,73000,73000,73000,73000,E GENESEE ST,0,1,15, 3900 E GENESEE ST,2,3,00462,00463,3410,3900,StreetRepair,2021,Road Recon: E Genesee St from Hillsboro Pkwy to City Line,Planned,77fd24a6-17fd-4977-be44-2cffc9566f9d,2020/03/05 04:00:16.555+00,samedelstein,2021/04/02 13:43:50.613+00,jbailey_syr,,
3671,2352,2365,1,1,155.194,3671,3412,2353,2366,0,0,3412,18532,1,12579403,19855,12579403,4001,4003,4000,4002,E,GENESEE,ST, ,A21,0046,0046,209,316,0,0,0,0,73000,73000,73000,73000,E GENESEE ST,0,1,15, 4000 E GENESEE ST,2,3,00462,00463,3412,4000,StreetRepair,2021,Road Recon: E Genesee St from Hillsboro Pkwy to City Line,Planned,8e4cadc0-2999-44de-beea-a6d45fb5c510,2020/03/05 04:00:16.555+00,samedelstein,2021/04/02 13:44:13.720+00,jbailey_syr,,
3691,2270,2380,1318,1218,650.894,3691,3694,2271,2381,0,0,3694,18518,1,12577490,23021,12577490,801,899,800,898, ,IRVING,AVE, ,A40,0043,0043,213,302,0,0,0,0,73000,73000,73000,73000,IRVING AV,0,1,15,  800 IRVING AV,2,3,00432,00433,3694,800,StreetRepair,2021,Road Recon: Irving from Waverly to Raynor,Planned,2c206a8f-60aa-4285-832c-59d50df2b852,2020/03/05 04:00:16.555+00,samedelstein,2021/04/02 13:11:25.887+00,jbailey_syr,,
3755,2365,2425,1,1,996.602,3755,3413,2366,2426,0,0,3413,18746,1,12579385,22900,12579385,4005,4099,4004,4098,E,GENESEE,ST, ,A21,0046,0147,209,301,0,0,0,0,73000,20478,73000,20467,E GENESEE ST,0,1,15, 4000 E GENESEE ST,2,3,00462,01473,3413,4000,StreetRepair,2021,Road Recon: E Genesee St from Hillsboro Pkwy to City Line,Planned,e2509c01-803f-4f74-9c6f-e6fbad001d06,2020/03/05 04:00:16.555+00,samedelstein,2021/04/02 13:44:03.139+00,jbailey_syr,,
3843,2380,2481,1318,1373,648.536,3843,3693,2381,2482,0,0,3693,18897,1,12577446,19914,12577446,901,999,900,1000, ,IRVING,AVE, ,A40,0043,0043,213,305,0,0,0,0,73000,73000,73000,73000,IRVING AV,0,1,15,  900 IRVING AV,2,3,00432,00433,3693,900,StreetRepair,2021,Road Recon: Irving from Waverly to Raynor,Planned,a3284fe5-6a52-4e1a-8b2e-3967003f6382,2020/03/05 04:00:16.555+00,samedelstein,2021/04/02 13:11:16.427+00,jbailey_syr,,
3844,2482,2438,1380,1399,303.051,3844,3772,2483,2439,0,0,3772,19071,1,12578536,19924,12578536,1027,1099,1028,1098, ,MEADOWBROOK,DR, ,A40,0046,0046,601,603,0,0,0,0,73000,73000,73000,73000,MEADOWBROOK DR,0,1,15, 1000 MEADOWBROOK DR,6,6,00466,00466,3772,1000,StreetRepair,2021,Road Recon: Meadowbrook from Euclid to Dakota,Planned,03191b0d-91ed-4da2-81c8-0934bc968ee2,2020/03/05 04:00:16.555+00,samedelstein,2021/04/02 13:36:08.051+00,jbailey_syr,,
3907,2525,2482,1380,1399,339.526,3907,3829,2526,2483,0,0,3829,19071,1,12578499,19939,12578499,1001,1025,1000,1026, ,MEADOWBROOK,DR, ,A40,0046,0046,601,603,0,0,0,0,73000,73000,73000,73000,MEADOWBROOK DR,0,1,15, 1000 MEADOWBROOK DR,6,6,00466,00466,3829,1000,StreetRepair,2021,Road Recon: Meadowbrook from Euclid to Dakota,Planned,c2cc2e7e-769f-406d-8746-5b141d108bc5,2020/03/05 04:00:16.555+00,samedelstein,2021/04/02 13:35:41.921+00,jbailey_syr,,
3912,2530,2444,1399,1402,605.326,3912,3831,2531,2445,0,0,3831,19092,1,13001942,20221,12578499,0,0,0,0, ,MEADOWBROOK,DR, ,A40,0046,0046,603,603,0,0,0,0,73000,73000,73000,73000,MEADOWBROOK DR,0,1,15,    0 MEADOWBROOK DR,6,6,00466,00466,3831, ,StreetRepair,2021,Road Recon: Meadowbrook from Euclid to Dakota,Planned,35bfe5e7-bbe7-49dd-9546-b1c7b3b32a02,2020/03/05 04:00:16.555+00,samedelstein,2021/04/02 13:35:56.656+00,jbailey_syr,,
4052,2618,2620,1480,1434,236.786,4052,4456,2619,2621,0,0,4456,19450,1,12573246,21567,12573246,813,899,814,898, ,BELLEVUE,AVE, ,A40,0050,0039,102,607,0,0,0,0,73000,73000,73000,73000,BELLEVUE AV,0,1,15,  800 BELLEVUE AV,1,6,00501,00396,4456,800,StreetRepair,2021,Road Recon: Bellevue from Geddes to Summit,Planned,9f9d8e84-ef99-403b-9177-b601b7a8d149,2020/03/05 04:00:16.555+00,samedelstein,2021/04/02 14:20:57.145+00,jbailey_syr,,
4056,2620,2623,1481,1434,597.717,4056,4480,2621,2624,0,0,4480,19472,1,12573241,21568,12573241,901,999,900,998, ,BELLEVUE,AVE, ,A40,0050,0039,102,606,0,0,0,0,73000,73000,73000,73000,BELLEVUE AV,0,1,15,  900 BELLEVUE AV,1,6,00501,00396,4480,900,StreetRepair,2021,Road Recon: Bellevue from Geddes to Summit,Planned,f60ee379-c29d-4787-a6d0-0c1bff9994ed,2020/03/05 04:00:16.555+00,samedelstein,2021/04/02 14:20:48.799+00,jbailey_syr,,
4058,2623,2625,1483,1434,135.537,4058,4481,2624,2626,0,0,4481,19476,1,12573067,21571,12573067,1001,1005,1000,1004, ,BELLEVUE,AVE, ,A40,0050,0039,104,606,0,0,0,0,73000,73000,73000,73000,BELLEVUE AV,0,1,15, 1000 BELLEVUE AV,1,6,00501,00396,4481,1000,StreetRepair,2021,Road Recon: Bellevue from Geddes to Summit,Planned,67d7506c-dbb0-4ed4-8055-f3a1151433ee,2020/03/05 04:00:16.555+00,samedelstein,2021/04/02 14:20:39.017+00,jbailey_syr,,
4062,2625,2627,1483,1453,200.338,4062,4378,2626,2628,0,0,4378,19483,1,12573066,21569,12573066,1007,1027,1006,1026, ,BELLEVUE,AVE, ,A40,0050,0039,104,605,0,0,0,0,73000,73000,73000,73000,BELLEVUE AV,0,1,15, 1000 BELLEVUE AV,1,6,00501,00396,4378,1000,StreetRepair,2021,Road Recon: Bellevue from Geddes to Summit,Planned,a3e91c7f-4630-4a03-a1f3-a4624c11f303,2020/03/05 04:00:16.555+00,samedelstein,2021/04/02 14:20:31.321+00,jbailey_syr,,
4063,2628,2525,1435,1436,805.435,4063,3834,2629,2526,0,0,3834,19488,1,12578495,23361,12578495,909,999,908,998, ,MEADOWBROOK,DR, ,A40,0046,0046,512,511,0,0,0,0,73000,73000,73000,73000,MEADOWBROOK DR,0,1,15,  900 MEADOWBROOK DR,5,5,00465,00465,3834,900,StreetRepair,2021,Road Recon: Meadowbrook from Euclid to Dakota,Planned,333c4ac7-a919-4c22-99d4-cae799fdb702,2020/03/05 04:00:16.555+00,samedelstein,2021/04/02 13:35:12.388+00,jbailey_syr,,
4066,2627,2630,1484,1453,387.209,4066,4476,2628,2631,0,0,4476,19493,1,12573063,21570,12573063,1029,1099,1028,1098, ,BELLEVUE,AVE, ,A40,0050,0039,105,605,0,0,0,0,73000,73000,73000,73000,BELLEVUE AV,0,1,15, 1000 BELLEVUE AV,1,6,00501,00396,4476,1000,StreetRepair,2021,Road Recon: Bellevue from Geddes to Summit,Planned,5bd790e9-6c5d-4d57-89ac-1150cf3d8176,2020/03/05 04:00:16.555+00,samedelstein,2021/04/02 14:20:22.497+00,jbailey_syr,,
4068,2630,2632,1486,1453,170.375,4068,4474,2631,2633,0,0,4474,19498,1,12573062,21572,12573062,1101,1113,1100,1112, ,BELLEVUE,AVE, ,A40,0050,0039,109,605,0,0,0,0,73000,73000,73000,73000,BELLEVUE AV,0,1,15, 1100 BELLEVUE AV,1,6,00501,00396,4474,1100,StreetRepair,2021,Road Recon: Bellevue from Geddes to Summit,Planned,2db44fe1-557d-4dd5-a41e-cec3526903be,2020/03/05 04:00:16.555+00,samedelstein,2021/04/02 14:20:14.451+00,jbailey_syr,,
4079,2632,2639,1486,1455,377.584,4079,4473,2633,2640,0,0,4473,19506,1,12573047,21573,12573047,1115,1143,1114,1142, ,BELLEVUE,AVE, ,A40,0050,0039,109,604,0,0,0,0,73000,73000,73000,73000,BELLEVUE AV,0,1,15, 1100 BELLEVUE AV,1,6,00501,00396,4473,1100,StreetRepair,2021,Road Recon: Bellevue from Geddes to Summit,Planned,61e02f78-7477-4cec-bf3d-588fb7b3e36e,2020/03/05 04:00:16.555+00,samedelstein,2021/04/02 14:20:03.841+00,jbailey_syr,,
4082,2639,2641,1490,1455,288.564,4082,4559,2640,2642,0,0,4559,19513,1,12572975,21574,12572975,1145,1199,1144,1198, ,BELLEVUE,AVE, ,A40,0050,0039,110,604,0,0,0,0,73000,73000,73000,73000,BELLEVUE AV,0,1,15, 1100 BELLEVUE AV,1,6,00501,00396,4559,1100,StreetRepair,2021,Road Recon: Bellevue from Geddes to Summit,Planned,b60a3a18-28dd-47a3-bad9-401c05e88fa6,2020/03/05 04:00:16.555+00,samedelstein,2021/04/02 14:19:54.710+00,jbailey_syr,,
4092,2647,2530,1436,1439,927.674,4092,3833,2648,2531,0,0,3833,19565,1,13001941,23638,12578425,0,0,0,0, ,MEADOWBROOK,DR, ,A40,0046,0046,511,511,0,0,0,0,73000,73000,73000,73000,MEADOWBROOK DR,0,1,15,    0 MEADOWBROOK DR,5,5,00465,00465,3833, ,StreetRepair,2021,Road Recon: Meadowbrook from Euclid to Dakota,Planned,affc78e9-18fe-4d99-97f8-bbea73d2b6d6,2020/03/05 04:00:16.555+00,samedelstein,2021/04/02 13:35:25.902+00,jbailey_syr,,
4187,2695,2707,1484,1519,81.2205,4187,4467,2696,2708,0,0,4467,19755,1,12572986,21665,12572986,199,199,198,198, ,ROBERTS,AVE, ,A40,0050,0050,105,113,0,0,0,0,73000,73000,73000,73000,ROBERTS AV,0,1,15,  100 ROBERTS AV,1,1,00501,00501,4467,100,StreetRepair,2020,Road Reconstruction Mill & Pave - Roberts from Stolp to Bellevue,Planned,01aa1b8c-54b6-4846-83a3-5a9827f0360b,2020/03/05 04:00:16.555+00,samedelstein,2020/06/02 16:48:39.641+00,,,
4258,2694,2753,1478,1529,482.934,4258,4453,2695,2754,0,0,4453,19948,1,12573147,20979,12573147,201,299,200,298, ,SUMMIT,AVE, ,A40,0050,0050,101,103,0,0,0,0,73000,73000,73000,73000,SUMMIT AV,0,1,15,  200 SUMMIT AV,1,1,00501,00501,4453,200,StreetRepair,2021,Road Recon: Summit from Crossett to Ruskin,Planned,f0932661-bfc0-4d81-9ac4-d1a1c79e1d2a,2020/03/05 04:00:16.555+00,samedelstein,2021/04/02 14:22:09.655+00,jbailey_syr,,
4282,2709,2769,1536,1526,749.077,4282,4204,2710,2770,0,0,4204,20012,1,12573231,21009,12573231,401,499,400,498, ,CORTLAND,AVE, ,A40,0052,0052,304,303,0,0,0,0,73000,73000,73000,73000,CORTLAND AV,0,1,15,  400 CORTLAND AV,3,3,00523,00523,4204,400,StreetRepair,2021,Road Recon: Cortland from Midland to South,Planned,9fc3645a-6621-499f-a7f4-bf46e3db2e93,2020/03/05 04:00:16.555+00,samedelstein,2021/04/02 13:50:11.534+00,jbailey_syr,,
4329,2769,2799,1554,1539,314.957,4329,4205,2770,2800,0,0,4205,20149,1,12573214,21626,12573214,501,519,500,520, ,CORTLAND,AVE, ,A40,0052,0052,305,302,0,0,0,0,73000,73000,73000,73000,CORTLAND AV,0,1,15,  500 CORTLAND AV,3,3,00523,00523,4205,500,StreetRepair,2021,Road Recon: Cortland from Midland to South,Planned,00488fd8-d5cf-4c0a-b2a1-d647ec6b7496,2020/03/05 04:00:16.555+00,samedelstein,2021/04/02 13:50:32.692+00,jbailey_syr,,
4347,2807,2810,1584,1561,387.411,4347,4434,2808,2811,0,0,4434,20201,1,12572977,21022,12572977,101,199,100,198, ,GORDON,AVE, ,A40,0050,0050,206,205,0,0,0,0,73000,73000,73000,73000,GORDON AV,0,1,15,  100 GORDON AV,2,2,00502,00502,4434,100,StreetRepair,2021,Road Recon: Gordon from Geddes to Hubbell,Planned,7deb7fe0-0ba8-4a04-8e04-d858d0792987,2020/03/05 04:00:16.555+00,samedelstein,2021/04/02 14:19:13.750+00,jbailey_syr,,
4349,2810,2811,1586,1563,550.583,4349,4438,2811,2812,0,0,4438,20216,1,12572960,21025,12572960,201,299,200,298, ,GORDON,AVE, ,A40,0050,0050,203,204,0,0,0,0,73000,73000,73000,73000,GORDON AV,0,1,15,  200 GORDON AV,2,2,00502,00502,4438,200,StreetRepair,2021,Road Recon: Gordon from Geddes to Hubbell,Planned,a5810a2a-67bc-4ffa-8744-8903f47ca13f,2020/03/05 04:00:16.555+00,samedelstein,2021/04/02 14:19:01.974+00,jbailey_syr,,
4351,2811,2812,1587,1565,338.666,4351,4440,2812,2813,0,0,4440,20222,1,12572958,21027,12572958,301,399,300,398, ,GORDON,AVE, ,A40,0050,0050,202,201,0,0,0,0,73000,73000,73000,73000,GORDON AV,0,1,15,  300 GORDON AV,2,2,00502,00502,4440,300,StreetRepair,2021,Road Recon: Gordon from Geddes to Hubbell,Planned,b3b0c499-065b-4f2e-a5a1-7048d8c7477c,2020/03/05 04:00:16.555+00,samedelstein,2021/04/02 14:18:50.205+00,jbailey_syr,,
4364,2799,2824,1554,1546,430.419,4364,4231,2800,2825,0,0,4231,20263,1,12573213,21036,12573213,521,599,522,598, ,CORTLAND,AVE, ,A40,0052,0052,305,301,0,0,0,0,73000,73000,73000,73000,CORTLAND AV,0,1,15,  500 CORTLAND AV,3,3,00523,00523,4231,500,StreetRepair,2021,Road Recon: Cortland from Midland to South,Planned,73300cba-a38b-4052-93e0-5f7a0cce6361,2020/03/05 04:00:16.555+00,samedelstein,2021/04/02 13:50:43.428+00,jbailey_syr,,
4377,2753,2832,1478,1558,732.068,4377,4451,2754,2833,0,0,4451,20308,1,12573144,23546,12573144,301,399,300,398, ,SUMMIT,AVE, ,A40,0050,0050,101,209,0,0,0,0,73000,73000,73000,73000,SUMMIT AV,0,1,15,  300 SUMMIT AV,1,2,00501,00502,4451,300,StreetRepair,2021,Road Recon: Summit from Crossett to Ruskin,Planned,837e8b05-42a1-4456-85c4-a024b739453e,2020/03/05 04:00:16.555+00,samedelstein,2021/04/02 14:22:20.454+00,jbailey_syr,,
4387,2818,2839,1589,1576,578.827,4387,4053,2819,2840,0,0,4053,20321,1,12577245,20576,12577245,101,199,100,198, ,MCLENNAN,AVE, ,A40,0054,0053,507,307,0,0,0,0,73000,73000,73000,73000,MCLENNAN AV,0,1,15,  100 MCLENNAN AV,5,3,00545,00533,4053,100,StreetRepair,2021,Road Recon: McLennan from Midland to S Salina,Planned,39cfce7c-8260-4c40-9191-12db8b5d2d7c,2020/03/05 04:00:16.555+00,samedelstein,2021/04/02 01:34:52.012+00,jbailey_syr,,
4407,2836,2855,1595,1580,321.497,4407,4059,2837,2856,0,0,4059,20358,1,12573202,21051,12573202,301,399,300,398, ,KIRK,AVE, ,A40,0058,0058,112,101,0,0,0,0,73000,73000,73000,73000,KIRK AV,0,1,15,  300 KIRK AV,1,1,00581,00581,4059,300,StreetRepair,2021,Road Recon: Kirk from Midland to South,Planned,332f1d5c-f1eb-476d-a317-d300900918b0,2020/03/05 04:00:16.555+00,samedelstein,2021/04/02 13:49:32.417+00,jbailey_syr,,
4448,2839,2883,1596,1585,912.764,4448,4031,2840,2884,0,0,4031,20447,1,12577227,20582,12577227,201,299,200,298, ,MCLENNAN,AVE, ,A40,0054,0053,508,310,0,0,0,0,73000,73000,73000,73000,MCLENNAN AV,0,1,15,  200 MCLENNAN AV,5,3,00545,00533,4031,200,StreetRepair,2021,Road Recon: McLennan from Midland to S Salina,Planned,f09a1c4a-5655-4e46-8114-da10d9e44a2c,2020/03/05 04:00:16.555+00,samedelstein,2021/04/02 01:34:39.106+00,jbailey_syr,,
4456,2855,2889,1606,1580,847.513,4456,4239,2856,2889,0,0,4239,20475,1,12573196,21629,12573196,401,475,400,474, ,KIRK,AVE, ,A40,0058,0058,104,101,0,0,0,0,73000,73000,73000,73000,KIRK AV,0,1,15,  400 KIRK AV,1,1,00581,00581,4239,400,StreetRepair,2021,Road Recon: Kirk from Midland to South,Planned,4ccb9cf8-f72e-488f-ae49-05777ceeb8a0,2020/03/05 04:00:16.555+00,samedelstein,2021/04/02 13:49:17.833+00,jbailey_syr,,
4457,2889,2879,1613,1580,493.303,4457,4238,2889,2880,0,0,4238,20476,1,12573187,21068,12573187,477,499,476,498, ,KIRK,AVE, ,A40,0058,0058,104,101,1,0,0,0,73000,73000,73000,73000,KIRK AV,0,1,15,  400 KIRK AV,1,1,00581,00581,4238,400,StreetRepair,2021,Road Recon: Kirk from Midland to South,Planned,38b22189-ac0a-4186-bbe5-db4ef8bbead5,2020/03/05 04:00:16.555+00,samedelstein,2021/04/02 13:49:07.059+00,jbailey_syr,,
4628,2978,3007,1654,1659,260.081,4628,4019,2979,3008,0,0,4019,20851,1,12577236,20614,12577236,2201,2299,2200,2298,S,SALINA,ST, ,A20,0054,0054,406,402,0,0,0,0,73000,73000,73000,73000,S SALINA ST,0,1,15, 2200 S SALINA ST,4,4,00544,00544,4019,2200,County,2021,S Salina green infrastructure from W Colvin to W Newell,Planned,098875f2-04ff-4690-8818-595538285b73,2020/03/05 04:00:16.555+00,samedelstein,2021/04/02 01:23:39.668+00,jbailey_syr,2021/04/05 04:00:00+00,2021/05/18 04:00:00+00
4664,3007,3033,1666,1659,332.681,4664,4863,3008,3034,0,0,4863,20976,1,12576839,20621,12576839,2301,2399,2300,2398,S,SALINA,ST, ,A20,0054,0054,405,402,0,0,0,0,73000,73000,73000,73000,S SALINA ST,0,1,15, 2300 S SALINA ST,4,4,00544,00544,4863,2300,County,2021,S Salina green infrastructure from W Colvin to W Newell,Planned,32d17f5e-a290-4cb4-9550-c9775e61f82a,2020/03/05 04:00:16.555+00,samedelstein,2021/04/02 01:23:22.250+00,jbailey_syr,2021/04/05 04:00:00+00,2021/05/18 04:00:00+00
4706,3063,3065,1685,1613,58.9353,4706,4828,3064,3066,0,0,4828,21096,1,12572142,21146,12572142,911,919,910,918,W,COLVIN,ST, ,A40,0051,0051,201,109,0,0,0,0,73000,73000,73000,73000,W COLVIN ST,0,1,15,  900 W COLVIN ST,2,1,00512,00511,4828,900,Engineering,2021,W Colvin Bridge over Onondaga Creek from Kirk Park to Hunt,Planned,e360ab85-cc5d-4300-961c-b06b2beb8548,2020/03/05 04:00:16.555+00,samedelstein,2021/04/02 01:28:20.714+00,jbailey_syr,,
4710,3033,3067,1677,1659,318.815,4710,4864,3034,3068,0,0,4864,21104,1,12576838,20628,12576838,2401,2499,2400,2498,S,SALINA,ST, ,A20,0054,0054,404,402,0,0,0,0,73000,73000,73000,73000,S SALINA ST,0,1,15, 2400 S SALINA ST,4,4,00544,00544,4864,2400,County,2021,S Salina green infrastructure from W Colvin to W Newell,Planned,99f00907-5761-40ce-bfeb-eac2ff84c15f,2020/03/05 04:00:16.555+00,samedelstein,2021/04/02 01:26:05.316+00,jbailey_syr,2021/03/08 05:00:00+00,2021/05/19 04:00:00+00
4713,3065,3069,1686,1671,158.843,4713,4827,3066,3070,0,0,4827,21110,1,12572140,21144,12572140,921,999,920,998,W,COLVIN,ST, ,A40,0051,0051,204,108,0,0,0,0,73000,73000,73000,73000,W COLVIN ST,0,1,15,  900 W COLVIN ST,2,1,00512,00511,4827,900,Engineering,2021,W Colvin Bridge over Onondaga Creek from Kirk Park to Hunt,Planned,b3a25519-d565-4ce3-af43-47fa154222a9,2020/03/05 04:00:16.555+00,samedelstein,2021/04/02 01:28:30.641+00,jbailey_syr,,
4755,3067,3101,1684,1659,280.202,4755,4868,3068,3102,0,0,4868,21205,1,12576834,20630,12576834,2501,2599,2500,2598,S,SALINA,ST, ,A20,0054,0054,403,402,0,0,0,0,73000,73000,73000,73000,S SALINA ST,0,1,15, 2500 S SALINA ST,4,4,00544,00544,4868,2500,County,2021,S Salina green infrastructure from W Colvin to W Newell,Planned,8513398d-380f-443e-92d8-4b374db45f7c,2020/03/05 04:00:16.555+00,samedelstein,2021/04/02 01:25:47.593+00,jbailey_syr,2021/03/08 05:00:00+00,2021/05/19 04:00:00+00
4765,3101,3107,1684,1704,57.3595,4765,4866,3102,3108,0,0,4866,21233,1,12576873,20638,12576873,2601,2603,2600,2604,S,SALINA,ST, ,A20,0054,0054,403,303,0,0,0,0,73000,73000,73000,73000,S SALINA ST,0,1,15, 2600 S SALINA ST,4,3,00544,00543,4866,2600,County,2021,S Salina green infrastructure from W Colvin to W Newell,Planned,e8c31199-e913-420f-bf12-613e8b2f3603,2020/03/05 04:00:16.555+00,samedelstein,2021/04/02 01:25:30.625+00,jbailey_syr,2021/03/08 05:00:00+00,2021/05/19 04:00:00+00
4815,3107,3138,1705,1704,338.369,4815,4865,3108,3139,0,0,4865,21334,1,12576872,20642,12576872,2605,2699,2606,2698,S,SALINA,ST, ,A21,0054,0054,302,303,0,0,0,0,73000,73000,73000,73000,S SALINA ST,0,1,15, 2600 S SALINA ST,3,3,00543,00543,4865,2600,County,2021,S Salina green infrastructure from W Colvin to W Newell,Planned,5c774f14-7dbf-409e-8cee-abf2c33219ea,2020/03/05 04:00:16.555+00,samedelstein,2021/04/02 01:24:37.133+00,jbailey_syr,2021/03/08 05:00:00+00,2021/05/19 04:00:00+00
4869,3138,3173,1719,1704,281.282,4869,4986,3139,3174,0,0,4986,21435,1,12576870,20645,12576870,2701,2799,2700,2798,S,SALINA,ST, ,A21,0054,0054,301,303,0,0,0,0,73000,73000,73000,73000,S SALINA ST,0,1,15, 2700 S SALINA ST,3,3,00543,00543,4986,2700,County,2021,S Salina green infrastructure from W Colvin to W Newell,Planned,d37ff9e0-b8a4-405a-9f61-eb3f636da8c8,2020/03/05 04:00:16.555+00,samedelstein,2021/04/02 01:20:58.956+00,jbailey_syr,,
4919,3173,3207,1738,1737,397.75,4919,4985,3174,3208,0,0,4985,21550,1,12576855,20652,12576855,2801,2899,2800,2898,S,SALINA,ST, ,A21,0059,0059,101,105,0,0,0,0,73000,73000,73000,73000,S SALINA ST,0,1,15, 2800 S SALINA ST,1,1,00591,00591,4985,2800,County,2021,S Salina green infrastructure from W Colvin to W Newell,Planned,a977c777-0b08-4d75-9d6b-46f15721896e,2020/03/05 04:00:16.555+00,samedelstein,2021/04/02 01:21:11.678+00,jbailey_syr,,
4967,3194,3235,1743,1748,394.999,4967,4847,3195,3236,0,0,4847,21631,1,12576798,21263,12576798,2001,2099,2000,2098, ,MIDLAND,AVE, ,A40,0059,0058,106,205,0,0,0,0,73000,73000,73000,73000,MIDLAND AV,0,1,15, 2000 MIDLAND AV,1,2,00591,00582,4847,2000,StreetRepair,2021,Road Recon: Midland from Brighton to Ostrander,Planned,1f069935-bcd2-4960-9256-29ab9e4ad0be,2020/03/05 04:00:16.555+00,samedelstein,2021/04/02 13:47:36.021+00,jbailey_syr,,
4974,3207,3240,1738,1750,323.892,4974,5198,3208,3241,0,0,5198,21642,1,12576853,20660,12576853,2901,2999,2900,2998,S,SALINA,ST, ,A21,0059,0059,101,104,0,0,0,0,73000,73000,73000,73000,S SALINA ST,0,1,15, 2900 S SALINA ST,1,1,00591,00591,5198,2900,County,2021,S Salina green infrastructure from W Colvin to W Newell,Planned,8d18c241-1272-487a-88fe-7daaeb0a4ad5,2020/03/05 04:00:16.555+00,samedelstein,2021/04/02 01:21:23.801+00,jbailey_syr,,
5001,3235,3259,1758,1766,317.993,5001,5169,3236,3260,0,0,5169,21689,1,12576792,21271,12576792,2101,2199,2100,2198, ,MIDLAND,AVE, ,A40,0059,0058,107,206,0,0,0,0,73000,73000,73000,73000,MIDLAND AV,0,1,15, 2100 MIDLAND AV,1,2,00591,00582,5169,2100,StreetRepair,2021,Road Recon: Midland from Brighton to Ostrander,Planned,ed899422-6494-45ef-b8c9-78248cc9399c,2020/03/05 04:00:16.555+00,samedelstein,2021/04/02 13:47:26.036+00,jbailey_syr,,
5006,3240,3262,1738,1769,302.999,5006,5203,3241,3263,0,0,5203,21699,1,12576842,20666,12576842,3001,3099,3000,3098,S,SALINA,ST, ,A21,0059,0059,203,202,0,0,0,0,73000,73000,73000,73000,S SALINA ST,0,1,15, 3000 S SALINA ST,2,2,00592,00592,5203,3000,County,2021,S Salina green infrastructure from W Colvin to W Newell,Planned,4624665f-7b71-4d32-b2cf-ce7ef4447f5a,2020/03/05 04:00:16.555+00,samedelstein,2021/04/02 01:21:34.810+00,jbailey_syr,,
5028,3259,3278,1773,1766,288.153,5028,5170,3260,3279,0,0,5170,21757,1,12576791,21281,12576791,2201,2299,2200,2298, ,MIDLAND,AVE, ,A40,0059,0058,201,206,0,0,0,0,73000,73000,73000,73000,MIDLAND AV,0,1,15, 2200 MIDLAND AV,2,2,00592,00582,5170,2200,StreetRepair,2021,Road Recon: Midland from Brighton to Ostrander,Planned,9f025ddd-9841-4ad7-a47c-636f30654d33,2020/03/05 04:00:16.555+00,samedelstein,2021/04/02 13:47:16.558+00,jbailey_syr,,
5047,3283,3293,1784,1776,1019.33,5047,5222,3284,3294,0,0,5222,21812,1,12576840,20673,12576840,101,199,100,198,W,PLEASANT,AVE, ,A40,0059,0059,304,205,0,0,0,0,73000,73000,73000,73000,W PLEASANT AV,0,1,15,  100 W PLEASANT AV,3,2,00593,00592,5222,100,StreetRepair,2021,Road Recon: W Pleasant from S Salina to Midland,Planned,36a13834-c8df-4379-a8ff-8af8e5feb695,2020/03/05 04:00:16.555+00,samedelstein,2021/04/02 13:52:03.302+00,jbailey_syr,,
5073,3293,3309,1787,1778,821.771,5073,5221,3294,3310,0,0,5221,21858,1,12576801,20675,12576801,201,299,200,298,W,PLEASANT,AVE, ,A40,0059,0059,301,206,0,0,0,0,73000,73000,73000,73000,W PLEASANT AV,0,1,15,  200 W PLEASANT AV,3,2,00593,00592,5221,200,StreetRepair,2021,Road Recon: W Pleasant from S Salina to Midland,Planned,b25e103e-17fd-4fc4-89e1-65ba462ea6f4,2020/03/05 04:00:16.555+00,samedelstein,2021/04/02 13:51:48.441+00,jbailey_syr,,
5074,3278,3309,1778,1779,317.673,5074,5168,3279,3310,0,0,5168,21859,1,12576790,21307,12576790,2301,2399,2300,2398, ,MIDLAND,AVE, ,A40,0059,0058,206,304,0,0,0,0,73000,73000,73000,73000,MIDLAND AV,0,1,15, 2300 MIDLAND AV,2,3,00592,00583,5168,2300,StreetRepair,2021,Road Recon: Midland from Brighton to Ostrander,Planned,94d691cd-5f55-4ca5-b972-1fbb10824d84,2020/03/05 04:00:16.555+00,samedelstein,2021/04/02 13:47:04.024+00,jbailey_syr,,
5103,3309,3329,1787,1779,323.512,5103,5166,3310,3330,0,0,5166,21949,1,12576731,21318,12576731,2401,2499,2400,2498, ,MIDLAND,AVE, ,A40,0059,0058,301,304,0,0,0,0,73000,73000,73000,73000,MIDLAND AV,0,1,15, 2400 MIDLAND AV,3,3,00593,00583,5166,2400,StreetRepair,2021,Road Recon: Midland from Brighton to Ostrander,Planned,620f56a2-4ebf-4de8-8df3-cdeb4161d788,2020/03/05 04:00:16.555+00,samedelstein,2021/04/02 13:46:57.154+00,jbailey_syr,,
5125,3329,3346,1805,1779,304.08,5125,5162,3330,3347,0,0,5162,22012,1,12576729,21331,12576729,2501,2599,2500,2598, ,MIDLAND,AVE, ,A40,0059,0058,302,304,0,0,0,0,73000,73000,73000,73000,MIDLAND AV,0,1,15, 2500 MIDLAND AV,3,3,00593,00583,5162,2500,StreetRepair,2021,Road Recon: Midland from Brighton to Ostrander,Planned,ea10f9bb-6d40-49ab-b1b3-e6a24f8aa9c9,2020/03/05 04:00:16.555+00,samedelstein,2021/04/02 13:46:49.757+00,jbailey_syr,,
5147,3358,3360,1796,1796,416.535,5147,5194,3359,3361,0,0,5194,22054,1,12576767,23399,12576767,101,199,100,198,E,OSTRANDER,AVE, ,A40,006101,006101,101,101,0,0,0,0,73000,73000,73000,73000,E OSTRANDER AV,0,1,15,  100 E OSTRANDER AV,1,1,0061011,0061011,5194,100,StreetRepair,2021,Road Recon: E Ostrander from S Salina to Dead End,Planned,2e78a33a-c762-4d58-be71-6b5c564ecfbc,2020/03/05 04:00:16.555+00,samedelstein,2021/04/02 13:53:14.933+00,jbailey_syr,,
5156,3346,3366,1805,1779,299.964,5156,5161,3347,3367,0,0,5161,22081,1,12576725,21340,12576725,2601,2699,2600,2698, ,MIDLAND,AVE, ,A40,0059,0058,302,304,0,0,0,0,73000,73000,73000,73000,MIDLAND AV,0,1,15, 2600 MIDLAND AV,3,3,00593,00583,5161,2600,StreetRepair,2021,Road Recon: Midland from Brighton to Ostrander,Planned,4c3741e5-faaf-4385-88bb-81319ff5f07c,2020/03/05 04:00:16.555+00,samedelstein,2021/04/02 13:46:38.436+00,jbailey_syr,,
5453,3582,3574,1867,1,376.417,5453,270,3583,3575,-1,-1,270,23229,1,12576664,20442,12576664,401,499,400,498,E,SENECA,TPK, ,A21,006102,006102,102,201,0,0,0,0,73000,73000,73000,73000,E SENECA TPKE,0,1,15,  400 E SENECA TPKE,1,2,0061021,0061022,270,400,StreetRepair,2021,Road Recon: E Seneca Tpke from Brighton to House #148,Planned,64e6b571-b0b4-4a07-b1a6-07833e1bd153,2020/03/05 04:00:16.555+00,samedelstein,2021/04/02 13:54:53.097+00,jbailey_syr,,
5457,3574,3584,1869,1,1271.11,5457,5324,3575,3585,0,0,5324,23248,1,12576667,20436,12576667,501,599,500,598,E,SENECA,TPK, ,A21,006102,006102,102,201,0,0,0,0,73000,73000,73000,73000,E SENECA TPKE,0,1,15,  500 E SENECA TPKE,1,2,0061021,0061022,5324,500,StreetRepair,2021,Road Recon: E Seneca Tpke from Brighton to House #148,Planned,4eb436aa-0aae-4abb-be84-9df8d9b1736c,2020/03/05 04:00:16.555+00,samedelstein,2021/04/02 13:54:38.924+00,jbailey_syr,,
5471,3596,3582,1843,1,651.352,5471,5330,3597,3583,0,0,5330,23283,1,12576625,20864,12576625,353,399,358,398,E,SENECA,TPK, ,A21,006101,006103,101,101,0,0,0,0,73000,73000,73000,73000,E SENECA TPKE,0,1,15,  300 E SENECA TPKE,1,1,0061011,0061031,5330,300,StreetRepair,2021,Road Recon: E Seneca Tpke from Brighton to House #148,Planned,2e586d3c-4aba-44e5-a327-6e270ce19030,2020/03/05 04:00:16.555+00,samedelstein,2021/04/02 13:55:04.926+00,jbailey_syr,,
5483,3601,3603,1892,1896,645.036,5483,5498,3602,3604,0,0,5498,23343,1,12576603,20759,12576603,101,199,100,198,E,SENECA,TPK, ,A21,006101,006103,211,102,0,0,0,0,73000,73000,73000,73000,E SENECA TPKE,0,1,15,  100 E SENECA TPKE,2,1,0061012,0061031,5498,100,StreetRepair,2021,Road Recon: E Seneca Tpke from Brighton to House #148,Planned,1a7edfaf-5ec9-4dad-b4f7-d39e8ba11f9f,2020/03/05 04:00:16.555+00,samedelstein,2021/04/02 13:55:43.347+00,jbailey_syr,,
5484,3603,3604,1890,1896,183.929,5484,5315,3604,3605,0,0,5315,23348,1,12576604,20760,12576604,201,213,200,212,E,SENECA,TPK, ,A21,006101,006103,210,102,0,0,0,0,73000,73000,73000,73000,E SENECA TPKE,0,1,15,  200 E SENECA TPKE,2,1,0061012,0061031,5315,200,StreetRepair,2021,Road Recon: E Seneca Tpke from Brighton to House #148,Planned,9bcf22e3-1468-45b3-84e6-3469e07b369a,2020/03/05 04:00:16.555+00,samedelstein,2021/04/02 13:55:33.746+00,jbailey_syr,,
5485,3605,3596,1843,1,586.593,5485,5504,3606,3597,0,0,5504,23351,1,12576623,20761,12576623,301,351,300,356,E,SENECA,TPK, ,A21,006101,006103,101,101,0,0,0,0,73000,73000,73000,73000,E SENECA TPKE,0,1,15,  300 E SENECA TPKE,1,1,0061011,0061031,5504,300,StreetRepair,2021,Road Recon: E Seneca Tpke from Brighton to House #148,Planned,0c3f6c10-572f-44b9-9f51-1f9355a81bd8,2020/03/05 04:00:16.555+00,samedelstein,2021/04/02 13:55:15.808+00,jbailey_syr,,
5487,3604,3605,1890,1896,257.945,5487,5501,3605,3606,0,0,5501,23353,1,12576621,20763,12576621,215,299,214,298,E,SENECA,TPK, ,A21,006101,006103,210,102,0,0,0,0,73000,73000,73000,73000,E SENECA TPKE,0,1,15,  200 E SENECA TPKE,2,1,0061012,0061031,5501,200,StreetRepair,2021,Road Recon: E Seneca Tpke from Brighton to House #148,Planned,dbeac718-107d-4e3a-be37-cfec7b8e4cbb,2020/03/05 04:00:16.555+00,samedelstein,2021/04/02 13:55:25.489+00,jbailey_syr,,
